freq,unit,coicop,geo\TIME_PERIOD	1990 	1991 	1992 	1993 	1994 	1995 	1996 	1997 	1998 	1999 	2000 	2001 	2002 	2003 	2004 	2005 	2006 	2007 	2008 	2009 	2010 	2011 	2012 	2013 	2014 	2015 	2016 	2017 	2018 	2019 	2020 	2021 	2022 	2023 
A,PC_TOT,CP01,AL	: 	: 	: 	: 	: 	: 	50.9 	50.6 	49.1 	47.5 	43.5 	42.5 	42.4 	41.9 	41.0 	39.1 	38.3 	35.8 	35.4 	36.5 	36.6 	38.5 	38.7 	39.4 b	39.1 	39.6 	38.7 	38.3 	38.2 	27.9 b	31.5 	28.9 	28.6 	28.0 p
A,PC_TOT,CP01,AT	: 	: 	: 	: 	: 	11.3 	11.1 	11.1 	10.9 	10.6 	10.3 	10.4 	10.4 	10.2 	10.2 	10.0 	9.9 	9.9 	10.0 	10.0 	9.9 	9.8 	9.9 	10.0 	10.0 	10.0 	9.8 	9.8 	9.7 	9.7 	11.4 	10.8 	10.0 	: 
A,PC_TOT,CP01,BA	: 	: 	: 	: 	: 	: 	: 	: 	: 	: 	29.2 	30.0 	31.1 	32.1 	32.2 	32.2 	32.3 	32.6 	34.1 	33.7 	32.3 	32.4 	32.7 	32.5 	31.8 	31.4 	30.4 	30.0 	29.4 	29.6 	32.3 	31.3 	32.2 	32.7 
A,PC_TOT,CP01,BE	: 	: 	: 	: 	: 	14.8 	14.5 	14.2 	13.7 	13.6 	12.9 	13.2 	13.6 	14.0 	13.7 	13.2 	12.5 	12.3 	12.6 	12.9 	12.8 	12.4 	12.6 	12.7 	12.8 	12.9 	13.0 	12.8 	12.7 	12.7 	14.2 	13.3 	12.2 p	: 
A,PC_TOT,CP01,BG	: 	: 	: 	: 	: 	26.4 	28.3 	27.5 	27.2 	26.9 	28.9 	28.0 	25.9 	24.2 	23.9 	21.3 	17.7 	21.3 	20.4 	18.9 	19.6 	19.1 	18.5 	18.6 	19.2 	19.4 	19.6 	19.3 	19.1 	18.5 	20.7 	19.8 	20.8 	: 
A,PC_TOT,CP01,CH	: 	: 	: 	: 	: 	9.6 	9.4 	9.2 	9.1 	9.1 	9.0 	9.3 	9.4 	9.4 	9.2 	9.2 	9.2 	9.0 	9.2 	9.3 	9.0 	8.8 	8.6 	8.7 	8.9 	8.8 	8.8 	8.8 	8.8 	8.9 	9.9 	9.9 	8.8 p	: 
A,PC_TOT,CP01,CY	: 	: 	: 	: 	: 	14.9 	14.7 	14.7 	13.9 	13.6 	13.8 	13.6 	13.6 	13.1 	13.3 	13.1 	12.8 	12.2 	12.3 	12.1 	11.3 	11.4 	11.7 	12.2 	12.4 	12.5 	12.2 	11.9 	11.5 	11.6 	14.4 	13.7 	13.0 p	: 
A,PC_TOT,CP01,CZ	: 	: 	: 	: 	: 	18.9 	18.5 	17.9 	17.9 	17.7 	17.4 	17.1 	16.9 	16.2 	15.8 	15.1 	14.7 	14.6 	14.5 	14.2 	14.0 	14.5 	15.2 	15.5 	16.1 	15.9 	15.8 	15.7 	15.3 	15.2 	17.1 	16.6 	15.8 	: 
A,PC_TOT,CP01,DE	: 	: 	: 	: 	: 	11.5 	11.3 	11.1 	11.1 	10.9 	10.9 	11.0 	10.9 	10.5 	10.9 	10.9 	10.7 	10.8 	10.8 	10.7 	10.3 	10.0 	10.0 	10.1 	10.5 	10.6 	10.6 	10.6 	10.7 	10.8 	11.9 p	11.7 p	11.5 p	: 
A,PC_TOT,CP01,DK	13.9 	13.5 	13.4 	13.2 	12.9 	13.0 	12.8 	12.7 	12.5 	12.1 	12.0 	12.2 	12.0 	11.7 	11.4 	11.0 	10.8 	10.9 	11.3 	11.4 	11.3 	11.3 	11.5 	11.5 	11.5 	11.4 	11.5 	11.6 	11.4 	11.3 	12.2 	12.1 	11.8 	: 
A,PC_TOT,CP01,EA19	: 	: 	: 	: 	: 	14.0 	13.8 	13.7 	13.4 	13.1 	12.9 	13.1 	13.1 	13.0 	12.9 	12.7 	12.5 	12.4 	12.5 	12.6 	12.5 	12.4 	12.5 	12.7 	12.7 	12.7 	12.6 	12.5 	12.5 	12.5 	14.3 	13.6 	12.9 	: 
A,PC_TOT,CP01,EA20	: 	: 	: 	: 	: 	14.1 	13.9 	13.7 	13.5 	13.2 	13.0 	13.1 	13.1 	13.1 	12.9 	12.7 	12.5 	12.5 	12.6 	12.7 	12.5 	12.4 	12.6 	12.7 	12.7 	12.7 	12.6 	12.6 	12.5 	12.5 	14.3 	13.6 	12.9 	: 
A,PC_TOT,CP01,EE	: 	: 	: 	: 	: 	27.9 	24.8 	24.1 	22.2 	21.4 	20.8 	20.3 	20.0 	19.3 	19.3 	18.9 	17.9 	17.2 	19.7 	20.3 	19.8 	20.0 	19.6 	20.3 	20.9 	20.6 	20.2 	20.0 	19.6 	19.3 	21.2 	19.6 	19.1 	: 
A,PC_TOT,CP01,EL	: 	: 	: 	: 	: 	16.3 	14.6 	15.4 	15.0 	15.8 	15.2 	16.3 	16.4 	17.1 	16.1 	15.5 	14.7 	14.9 	14.6 	15.0 	15.3 	15.9 	16.3 	16.0 	15.8 	15.9 	15.5 	15.8 	15.5 	15.5 	19.1 	17.4 	16.2 p	15.3 p
A,PC_TOT,CP01,ES	: 	: 	: 	: 	: 	16.7 	16.4 	15.7 	14.9 	14.3 	14.1 	14.0 	14.2 	14.0 	13.4 	13.0 	12.7 	12.4 	12.6 	12.5 	12.6 	12.7 	13.0 	13.4 	13.2 	13.2 	12.8 	12.4 	12.5 	12.5 	15.8 	14.2 	13.0 	: 
A,PC_TOT,CP01,EU27_2020	: 	: 	: 	: 	: 	14.6 	14.4 	14.2 	14.0 	13.6 	13.4 	13.6 	13.6 	13.5 	13.4 	13.2 	13.0 	13.0 	13.1 	13.2 	13.0 	13.0 	13.1 	13.2 	13.2 	13.2 	13.1 	13.1 	13.1 	13.1 	14.8 	14.1 	13.6 	: 
A,PC_TOT,CP01,FI	16.3 	16.7 	17.0 	16.8 	16.6 	15.3 	13.9 	13.4 	12.9 	12.8 	12.6 	12.8 	12.5 	12.4 	12.2 	12.0 	11.9 	12.0 	12.3 	12.8 	12.1 	12.1 	12.3 	12.6 	12.5 	12.1 	11.9 	11.6 	11.6 	11.4 	12.7 	12.3 	12.2 	12.5 
A,PC_TOT,CP01,FR	14.8 	14.9 	14.4 	14.3 	14.2 	14.2 	13.9 	14.0 	13.8 	13.6 	13.4 	13.5 	13.6 	13.7 	13.3 	13.0 	12.8 	12.5 	12.7 	13.0 	13.0 	13.1 	13.4 	13.5 	13.4 	13.4 	13.4 	13.3 	13.1 	13.1 	14.9 	13.9 p	13.3 p	: 
A,PC_TOT,CP01,HR	: 	: 	: 	: 	: 	26.1 	25.9 	25.5 	23.6 	23.0 	22.7 	22.8 	22.0 	20.9 	20.5 	19.2 	19.0 	19.3 	19.1 	18.4 	18.4 	18.4 	18.7 	18.7 	19.0 	18.9 	18.7 	18.7 	18.3 	18.1 	20.8 	19.0 	18.1 	17.5 p
A,PC_TOT,CP01,HU	: 	: 	: 	: 	: 	23.2 	21.9 	21.6 	21.2 	19.5 	18.9 	18.8 	18.2 	17.5 	17.1 	16.4 	16.5 	17.0 	17.3 	16.8 	16.5 	16.9 	17.3 	17.7 	17.9 	18.0 	17.4 	17.8 	17.5 	17.2 	18.8 	18.0 	16.7 	: 
A,PC_TOT,CP01,IE	: 	: 	: 	: 	: 	14.9 	14.4 	13.2 	12.2 	11.2 	11.1 	11.0 	10.6 	10.0 	9.6 	9.3 	9.3 	9.1 	9.4 	9.8 	9.8 	10.2 	10.5 	10.4 	9.7 	9.4 	9.3 	9.3 	9.1 	9.1 	10.4 	9.7 	8.6 	8.6 
A,PC_TOT,CP01,IS	: 	: 	: 	: 	: 	17.3 	17.0 	17.0 	16.3 	15.5 	14.6 	15.1 	15.1 	13.5 	13.0 	11.7 	11.7 	11.3 	12.4 	13.4 	13.4 	13.5 	13.8 	14.0 	13.9 	13.7 	13.0 	12.3 	12.3 	12.4 	13.6 	12.9 	12.1 	12.2 
A,PC_TOT,CP01,IT	: 	: 	: 	: 	: 	16.8 	16.6 	16.1 	15.7 	15.3 	15.1 	15.0 	15.1 	15.1 	14.9 	14.7 	14.6 	14.5 	14.4 	14.7 	14.4 	14.2 	14.2 	14.4 	14.3 	14.3 	14.3 	14.3 	14.2 	14.3 	16.5 	15.4 	14.4 	14.7 
A,PC_TOT,CP01,LT	: 	: 	: 	: 	: 	38.8 	38.4 	34.8 	31.9 	31.1 	27.7 	27.9 	27.3 	27.4 	27.1 	25.4 	24.0 	23.8 	25.0 	25.5 	23.9 	24.1 	24.0 	23.8 	23.0 	22.6 	22.2 	21.6 	20.7 	20.1 	21.8 	20.3 	19.2 	18.9 
A,PC_TOT,CP01,LU	: 	: 	: 	: 	: 	10.4 	10.3 	10.1 	9.8 	9.2 	8.6 	8.8 	8.6 	8.8 	8.4 	8.6 	8.6 	8.7 	8.7 	8.9 	8.7 	8.6 	8.4 	8.6 	8.4 	9.0 	9.1 	8.9 	8.8 	8.6 	10.2 	9.6 	9.3 	9.4 
A,PC_TOT,CP01,LV	: 	: 	: 	: 	: 	34.9 	34.5 	31.0 	28.9 	26.1 	25.4 	25.1 	25.3 	23.5 	22.8 	21.5 	18.9 	18.6 	19.2 	19.9 	20.3 	20.1 	20.1 	20.4 	19.6 	18.3 	17.9 	17.7 	18.0 	18.0 	19.9 	20.0 	19.7 	: 
A,PC_TOT,CP01,ME	: 	: 	: 	: 	: 	: 	: 	: 	: 	: 	: 	: 	: 	: 	: 	: 	29.1 	25.7 	28.2 	31.4 	30.2 	30.1 	28.2 	27.8 	27.6 	26.4 	26.4 	25.6 	24.8 	24.5 	31.7 	27.0 	27.2 	26.8 
A,PC_TOT,CP01,MK	: 	: 	: 	: 	: 	: 	: 	: 	: 	: 	27.2 	26.8 	28.4 	29.4 	30.2 	30.4 	30.1 	29.4 	30.2 	30.8 	31.0 	31.4 	31.2 	32.0 	31.1 	31.5 	31.8 	31.4 	30.9 	30.5 	32.6 	30.5 	30.6 	31.0 p
A,PC_TOT,CP01,MT	: 	: 	: 	: 	: 	16.3 	16.3 	16.1 	15.4 	15.1 	14.6 	15.0 	15.8 	15.7 	15.5 	15.0 	15.3 	15.6 	16.1 	15.9 	15.2 	15.1 	14.8 	14.8 	14.8 	14.4 	13.9 	13.4 	12.7 	12.4 	15.3 	14.2 	13.3 	12.5 
A,PC_TOT,CP01,NL	: 	: 	: 	: 	: 	12.0 	11.7 	11.5 	11.2 	10.8 	10.5 	10.6 	10.5 	10.5 	10.3 	9.9 	10.1 	10.1 	10.4 	10.9 	10.9 	11.0 	11.4 	11.5 	11.4 	11.5 	11.5 	11.5 	11.3 	11.4 	13.2 	12.7 p	11.7 p	: 
A,PC_TOT,CP01,NO	16.8 	16.8 	16.9 	16.3 	16.2 	15.9 	15.2 	15.1 	15.1 	15.0 	14.7 	14.3 	14.0 	13.9 	13.5 	13.0 	12.3 	12.1 	12.3 	12.7 	12.3 	12.3 	12.4 	12.4 	12.5 	12.2 	12.2 	11.7 	11.6 	11.4 	13.4 	12.6 	11.4 	11.7 
A,PC_TOT,CP01,PL	: 	: 	: 	: 	: 	30.6 	29.4 	27.6 	25.7 	23.8 	23.6 	23.8 	22.7 	22.2 	22.2 	22.2 	22.2 	21.8 	21.0 	20.6 	20.2 	19.7 	19.2 	19.0 	17.8 	17.5 	17.8 	17.8 	17.4 	17.4 	19.1 	18.6 	18.5 	18.8 
A,PC_TOT,CP01,PT	: 	: 	: 	: 	: 	18.4 	18.2 	17.5 	17.6 	17.1 	16.5 	17.0 	16.8 	16.9 	16.6 	15.9 	15.8 	15.7 	16.0 	16.4 	15.9 	16.5 	17.4 	17.8 	17.3 	17.2 	16.9 	16.7 	16.3 	16.1 	18.7 	18.1 	17.3 p	: 
A,PC_TOT,CP01,RO	: 	: 	: 	: 	: 	44.5 	45.7 	38.6 	36.2 	33.3 	33.7 	35.3 	34.6 	35.1 	33.7 	29.8 	29.1 	27.6 	27.7 	27.3 	27.2 	28.4 	29.8 	28.7 	27.1 	26.1 	25.7 	24.9 	25.9 	25.2 	25.0 	24.8 p	25.0 p	: 
A,PC_TOT,CP01,RS	: 	: 	: 	: 	: 	24.1 	23.5 	24.6 	25.8 	28.2 	33.9 	35.5 	32.4 	30.1 	28.1 	27.0 	26.4 	25.1 	25.6 	25.7 	25.2 	26.5 	26.1 	26.2 	24.7 	25.0 	24.6 	24.3 	23.6 	23.0 	24.0 	22.7 	23.6 	24.1 p
A,PC_TOT,CP01,SE	: 	: 	: 	14.3 	14.3 	14.0 	13.1 	12.8 	12.6 	12.2 	11.9 	12.2 	12.4 	12.3 	12.1 	11.8 	11.9 	11.8 	12.2 	12.5 	12.1 	12.0 	12.3 	12.4 	12.3 	12.3 	12.5 	12.4 	12.5 	12.4 	13.3 	12.9 	12.8 	: 
A,PC_TOT,CP01,SI	: 	: 	: 	: 	: 	17.8 	17.3 	17.4 	17.5 	16.9 	16.6 	16.8 	16.4 	16.2 	15.4 	14.6 	14.3 	14.2 	14.5 	14.5 	14.3 	14.9 	15.2 	15.1 	15.0 	14.9 	14.7 	14.3 	14.0 	14.1 	15.9 	14.4 	14.0 	: 
A,PC_TOT,CP01,SK	: 	: 	: 	: 	: 	20.3 	19.7 	20.7 	20.5 	20.1 	19.4 	17.8 	17.5 	16.3 	14.9 	14.5 	14.7 	15.2 	15.2 	15.6 	15.2 	15.1 	15.9 	15.8 	15.1 	15.3 	15.2 	16.4 	16.6 	16.9 	19.8 	19.7 	18.3 	19.6 
A,PC_TOT,CP01,TR	: 	: 	: 	: 	: 	: 	: 	: 	: 	: 	: 	: 	: 	: 	: 	: 	: 	: 	: 	22.5 	23.0 	22.2 	22.2 	20.7 	21.2 	21.6 	21.6 	21.0 	21.3 	21.7 	24.1 	23.3 	23.2 	22.8 
A,PC_TOT,CP01,UK	: 	: 	: 	: 	: 	9.3 	9.3 	8.7 	8.6 	8.4 	8.0 	8.1 	8.0 	8.1 	8.0 	7.9 	7.8 	7.8 	8.0 	8.5 	8.3 	8.6 	8.5 	8.4 	8.1 	7.8 	7.8 	7.9 	8.0 	7.9 	: 	: 	: 	: 
A,PC_TOT,CP02,AL	: 	: 	: 	: 	: 	: 	5.0 	4.9 	4.8 	4.6 	4.2 	4.1 	4.1 	4.0 	3.9 	3.7 	3.6 	3.4 	3.4 	3.3 	3.1 	3.1 	3.1 	3.1 b	3.0 	3.0 	3.0 	2.9 	2.9 	2.8 b	3.2 	2.9 	2.7 	2.5 p
A,PC_TOT,CP02,AT	: 	: 	: 	: 	: 	3.7 	3.5 	3.6 	3.7 	3.7 	3.5 	3.5 	3.6 	3.5 	3.4 	3.5 	3.3 	3.3 	3.4 	3.4 	3.5 	3.4 	3.4 	3.3 	3.3 	3.3 	3.2 	3.2 	3.2 	3.2 	3.8 	3.9 	3.4 	: 
A,PC_TOT,CP02,BA	: 	: 	: 	: 	: 	: 	: 	: 	: 	: 	6.2 	6.0 	5.8 	5.5 	5.3 	5.5 	5.1 	4.7 	4.2 	4.8 	5.6 	5.9 	6.3 	6.7 	7.0 	7.4 	7.7 	7.7 	8.1 	8.0 	8.8 	8.3 	7.2 	6.8 
A,PC_TOT,CP02,BE	: 	: 	: 	: 	: 	3.7 	3.8 	3.8 	3.9 	4.1 	3.9 	3.9 	4.0 	4.2 	4.2 	4.1 	4.1 	4.0 	3.9 	4.1 	4.0 	3.8 	3.8 	3.9 	4.0 	4.1 	4.2 	4.0 	4.0 	3.9 	4.4 	4.3 	4.0 p	: 
A,PC_TOT,CP02,BG	: 	: 	: 	: 	: 	6.8 	6.4 	7.0 	7.0 	6.9 	7.1 	6.9 	6.6 	6.9 	7.0 	7.0 	6.9 	7.1 	7.0 	7.2 	7.1 	6.9 	7.2 	6.7 	5.4 	5.2 	5.3 	5.2 	5.2 	5.3 	5.7 	5.2 	4.8 	: 
A,PC_TOT,CP02,CH	: 	: 	: 	: 	: 	5.4 	5.2 	5.0 	4.9 	4.8 	4.6 	4.5 	4.5 	4.4 	4.3 	4.2 	4.1 	3.9 	3.8 	3.9 	4.0 	4.0 	3.9 	3.9 	3.8 	3.8 	3.7 	3.6 	3.5 	3.5 	3.9 	3.9 	3.4 p	: 
A,PC_TOT,CP02,CY	: 	: 	: 	: 	: 	5.1 	4.7 	4.8 	5.2 	5.3 	5.1 	4.9 	5.0 	4.9 	5.5 	5.1 	5.2 	5.1 	5.4 	5.6 	5.5 	5.2 	5.0 	5.1 	5.2 	5.3 	5.2 	5.2 	4.8 	4.7 	5.3 	5.0 	4.5 p	: 
A,PC_TOT,CP02,CZ	: 	: 	: 	: 	: 	10.0 	9.4 	9.0 	8.8 	8.8 	8.6 	8.0 	8.0 	8.0 	7.6 	7.3 	7.1 	7.2 	7.1 	7.8 	7.9 	8.1 	8.1 	8.1 	8.1 	8.3 	8.2 	7.9 	8.0 	7.8 	8.4 	8.3 	7.8 	: 
A,PC_TOT,CP02,DE	: 	: 	: 	: 	: 	3.8 	3.7 	3.7 	3.7 	3.8 	3.7 	3.7 	3.9 	3.8 	3.6 	3.6 	3.5 	3.4 	3.3 	3.3 	3.3 	3.3 	3.3 	3.3 	3.2 	3.4 	3.3 	3.3 	3.2 	3.2 	3.6 p	3.6 p	3.1 p	: 
A,PC_TOT,CP02,DK	6.1 	6.0 	5.9 	5.5 	5.3 	5.1 	5.0 	4.9 	4.7 	4.8 	4.8 	4.7 	4.7 	4.6 	4.3 	4.1 	3.9 	3.9 	3.7 	3.9 	3.7 	3.9 	3.8 	3.8 	3.7 	3.6 	3.5 	3.5 	3.4 	3.4 	3.6 	4.0 	3.6 	: 
A,PC_TOT,CP02,EA19	: 	: 	: 	: 	: 	4.1 	4.1 	4.1 	4.1 	4.1 	4.0 	4.1 	4.1 	4.1 	4.0 	3.9 	3.8 	3.8 	3.7 	3.8 	3.8 	3.8 	3.9 	3.9 	3.8 	3.9 	3.9 	3.8 	3.8 	3.8 	4.3 	4.1 	3.7 	: 
A,PC_TOT,CP02,EA20	: 	: 	: 	: 	: 	4.1 	4.1 	4.1 	4.1 	4.1 	4.1 	4.1 	4.1 	4.1 	4.0 	3.9 	3.8 	3.8 	3.7 	3.9 	3.9 	3.9 	3.9 	3.9 	3.9 	3.9 	3.9 	3.8 	3.8 	3.8 	4.3 	4.1 	3.7 	: 
A,PC_TOT,CP02,EE	: 	: 	: 	: 	: 	6.9 	6.9 	6.5 	6.9 	7.3 	7.7 	7.2 	7.7 	7.5 	8.2 	8.2 	8.1 	7.9 	7.5 	9.0 	8.7 	9.0 	9.1 	9.0 	9.0 	8.9 	8.4 	8.0 	7.8 	7.2 	8.0 	7.6 	6.9 	: 
A,PC_TOT,CP02,EL	: 	: 	: 	: 	: 	4.1 	3.8 	4.2 	4.3 	4.7 	4.5 	4.7 	4.8 	4.9 	4.6 	4.4 	3.8 	3.9 	4.0 	4.5 	4.3 	4.8 	4.7 	5.0 	5.1 	5.2 	5.4 	4.6 	4.7 	4.5 	5.0 	4.7 	4.1 p	3.9 p
A,PC_TOT,CP02,ES	: 	: 	: 	: 	: 	5.2 	4.8 	4.9 	4.7 	4.4 	4.4 	4.4 	4.3 	4.2 	4.3 	4.2 	3.9 	4.0 	4.0 	4.1 	4.2 	4.2 	4.2 	4.2 	4.2 	4.1 	4.2 	4.0 	3.9 	3.9 	4.7 	4.4 	4.1 	: 
A,PC_TOT,CP02,EU27_2020	: 	: 	: 	: 	: 	4.3 	4.3 	4.3 	4.3 	4.3 	4.3 	4.3 	4.3 	4.2 	4.1 	4.1 	4.0 	4.0 	4.0 	4.1 	4.1 	4.1 	4.1 	4.1 	4.1 	4.1 	4.1 	4.0 	4.0 	4.0 	4.5 	4.4 	4.0 	: 
A,PC_TOT,CP02,FI	6.6 	7.0 	7.1 	6.6 	6.3 	6.2 	6.1 	6.1 	5.9 	5.7 	5.8 	6.1 	6.1 	6.0 	5.5 	5.3 	5.2 	5.0 	4.9 	5.2 	5.1 	4.9 	4.8 	4.9 	4.9 	4.7 	4.7 	4.6 	4.7 	4.7 	5.2 	4.9 	4.4 	4.2 
A,PC_TOT,CP02,FR	3.4 	3.4 	3.5 	3.7 	3.8 	3.9 	3.9 	3.9 	3.9 	4.0 	3.9 	3.9 	3.9 	3.8 	3.8 	3.6 	3.5 	3.4 	3.4 	3.5 	3.6 	3.7 	3.7 	3.8 	3.8 	3.8 	3.8 	3.7 	3.8 	3.8 	4.4 	4.1 p	3.7 p	: 
A,PC_TOT,CP02,HR	: 	: 	: 	: 	: 	5.4 	5.3 	5.7 	5.8 	6.0 	6.8 	6.0 	5.2 	5.8 	5.7 	6.3 	6.3 	5.9 	6.1 	6.3 	6.5 	6.7 	6.7 	6.8 	6.9 	7.0 	6.6 	6.6 	6.6 	6.6 	7.3 	7.9 	7.6 	7.6 p
A,PC_TOT,CP02,HU	: 	: 	: 	: 	: 	6.5 	6.5 	6.7 	6.9 	6.7 	6.6 	6.7 	6.9 	7.0 	6.7 	6.7 	6.9 	7.2 	7.4 	7.6 	7.2 	7.2 	7.6 	7.8 	7.6 	7.4 	7.2 	7.3 	7.3 	7.4 	7.8 	7.6 	7.0 	: 
A,PC_TOT,CP02,IE	: 	: 	: 	: 	: 	7.7 	7.6 	7.5 	7.3 	7.4 	7.3 	7.1 	7.3 	7.0 	6.4 	6.4 	6.2 	6.0 	6.0 	6.6 	6.3 	6.4 	6.2 	5.6 	5.5 	5.3 	5.3 	5.2 	4.8 	5.1 	6.3 	5.7 	4.5 	4.0 
A,PC_TOT,CP02,IS	: 	: 	: 	: 	: 	5.6 	5.4 	5.4 	5.5 	5.4 	5.1 	5.3 	5.4 	5.2 	4.9 	4.7 	4.5 	4.4 	4.5 	5.0 	4.9 	4.7 	4.5 	4.4 	4.3 	4.1 	4.1 	4.0 	3.9 	3.9 	4.7 	4.2 	3.4 	3.1 
A,PC_TOT,CP02,IT	: 	: 	: 	: 	: 	4.5 	4.5 	4.4 	4.4 	4.4 	4.3 	4.3 	4.2 	4.2 	4.2 	4.2 	4.2 	4.3 	4.2 	4.3 	4.1 	4.1 	4.3 	4.3 	4.1 	4.2 	4.2 	4.2 	4.2 	4.2 	4.6 	4.4 	4.0 	3.8 
A,PC_TOT,CP02,LT	: 	: 	: 	: 	: 	10.5 	9.5 	9.5 	8.7 	8.7 	8.2 	7.8 	8.2 	8.1 	7.5 	7.0 	6.9 	6.3 	6.4 	7.4 	7.7 	7.8 	7.5 	7.2 	7.2 	7.0 	6.6 	6.3 	5.8 	5.9 	6.3 	5.9 	5.6 	5.4 
A,PC_TOT,CP02,LU	: 	: 	: 	: 	: 	8.9 	8.7 	10.0 	10.2 	11.9 	11.9 	10.0 	11.1 	10.3 	11.4 	10.8 	9.4 	9.1 	8.4 	8.9 	8.5 	8.7 	8.5 	8.5 	9.4 	7.6 	8.1 	7.9 	8.0 	8.0 	9.2 	9.0 	9.5 	10.7 
A,PC_TOT,CP02,LV	: 	: 	: 	: 	: 	10.8 	10.9 	10.2 	9.9 	9.4 	10.0 	9.4 	8.9 	8.6 	8.0 	8.1 	7.5 	6.6 	7.1 	8.9 	8.9 	8.0 	6.7 	7.1 	6.9 	7.2 	7.5 	7.3 	7.8 	7.7 	8.4 	7.5 	7.1 	: 
A,PC_TOT,CP02,ME	: 	: 	: 	: 	: 	: 	: 	: 	: 	: 	: 	: 	: 	: 	: 	: 	4.1 	4.2 	4.1 	4.6 	4.4 	4.4 	5.1 	5.0 	4.9 	5.5 	5.6 	5.8 	4.4 	5.1 	5.8 	6.2 	5.9 	5.5 
A,PC_TOT,CP02,MK	: 	: 	: 	: 	: 	: 	: 	: 	: 	: 	6.6 	6.7 	6.1 	6.2 	6.2 	5.2 	5.0 	5.4 	5.8 	5.7 	5.8 	5.5 	5.7 	5.9 	6.1 	6.1 	5.8 	5.7 	5.7 	5.4 	5.7 	5.2 	4.9 	4.9 p
A,PC_TOT,CP02,MT	: 	: 	: 	: 	: 	4.3 	4.2 	4.7 	4.6 	4.4 	4.6 	4.7 	4.7 	4.5 	4.5 	4.5 	4.4 	3.8 	4.1 	4.0 	3.8 	3.7 	3.8 	3.6 	3.8 	3.8 	3.9 	3.8 	3.9 	3.7 	4.3 	4.1 	3.8 	3.4 
A,PC_TOT,CP02,NL	: 	: 	: 	: 	: 	3.4 	3.4 	3.3 	3.2 	3.1 	3.0 	3.0 	3.0 	3.0 	3.0 	2.9 	2.9 	2.9 	2.9 	3.1 	3.1 	3.1 	3.3 	3.3 	3.3 	3.3 	3.3 	3.2 	3.2 	3.0 	3.4 	3.4 p	3.0 p	: 
A,PC_TOT,CP02,NO	5.0 	5.0 	4.8 	4.8 	4.7 	4.7 	4.6 	4.9 	4.8 	4.8 	4.7 	4.6 	4.5 	4.6 	4.6 	4.5 	4.3 	4.3 	4.4 	4.5 	4.2 	4.2 	4.0 	4.1 	4.1 	4.1 	4.0 	4.0 	3.9 	3.8 	4.7 	4.6 	3.9 	3.9 
A,PC_TOT,CP02,PL	: 	: 	: 	: 	: 	9.4 	9.5 	9.1 	8.9 	8.5 	8.0 	7.8 	7.6 	7.4 	7.1 	7.1 	7.0 	7.2 	7.2 	7.8 	7.7 	7.5 	6.9 	6.6 	6.3 	6.2 	6.4 	6.1 	6.1 	6.1 	6.7 	6.4 	6.1 	6.0 
A,PC_TOT,CP02,PT	: 	: 	: 	: 	: 	3.6 	3.6 	3.6 	3.7 	3.6 	3.5 	3.5 	3.6 	3.7 	3.6 	3.5 	3.6 	3.1 	3.0 	3.1 	3.2 	3.3 	3.3 	3.2 	3.2 	3.1 	3.2 	3.1 	3.2 	3.1 	3.5 	3.3 	3.1 p	: 
A,PC_TOT,CP02,RO	: 	: 	: 	: 	: 	4.3 	4.4 	5.3 	5.3 	5.9 	5.4 	5.5 	5.4 	5.5 	4.1 	4.4 	3.9 	4.7 	4.5 	4.3 	6.6 	5.3 	5.2 	5.5 	5.4 	5.5 	6.1 	5.2 	4.9 	5.3 	6.5 	6.5 p	6.5 p	: 
A,PC_TOT,CP02,RS	: 	: 	: 	: 	: 	6.8 	6.8 	6.9 	6.7 	7.0 	6.9 	6.7 	7.3 	7.2 	6.8 	6.0 	6.2 	6.1 	5.9 	6.7 	6.7 	6.8 	7.1 	7.5 	7.6 	7.3 	7.7 	8.1 	8.1 	8.1 	8.7 	8.5 	7.9 	7.5 p
A,PC_TOT,CP02,SE	: 	: 	: 	4.9 	4.8 	4.7 	4.5 	4.3 	4.1 	4.2 	4.0 	4.0 	4.1 	4.0 	3.7 	3.6 	3.4 	3.4 	3.4 	3.6 	3.6 	3.5 	3.6 	3.6 	3.6 	3.5 	3.5 	3.4 	3.4 	3.3 	3.6 	3.4 	3.1 	: 
A,PC_TOT,CP02,SI	: 	: 	: 	: 	: 	6.2 	6.0 	5.6 	5.3 	5.0 	5.4 	5.3 	5.1 	5.1 	4.8 	5.0 	5.1 	5.0 	5.0 	5.2 	5.3 	5.5 	5.5 	5.4 	5.4 	5.5 	5.2 	5.1 	4.9 	4.7 	5.0 	4.7 	4.5 	: 
A,PC_TOT,CP02,SK	: 	: 	: 	: 	: 	7.6 	7.5 	7.0 	6.9 	6.5 	6.1 	6.0 	6.3 	6.1 	5.6 	5.5 	5.2 	5.2 	4.9 	5.0 	5.5 	5.6 	5.5 	5.5 	5.7 	5.7 	5.7 	5.5 	5.4 	5.4 	5.2 	5.2 	5.0 	5.0 
A,PC_TOT,CP02,TR	: 	: 	: 	: 	: 	: 	: 	: 	: 	: 	: 	: 	: 	: 	: 	: 	: 	: 	: 	3.5 	3.5 	3.1 	3.5 	3.2 	3.0 	3.0 	3.4 	3.5 	3.3 	3.4 	3.6 	3.0 	2.3 	2.3 
A,PC_TOT,CP02,UK	: 	: 	: 	: 	: 	5.0 	5.1 	5.0 	4.9 	4.8 	4.6 	4.5 	4.3 	4.2 	4.0 	3.9 	3.9 	3.6 	3.6 	4.0 	3.8 	4.1 	3.9 	3.8 	3.7 	3.5 	3.3 	3.3 	3.4 	3.2 	: 	: 	: 	: 
A,PC_TOT,CP03,AL	: 	: 	: 	: 	: 	: 	6.3 	6.3 	6.1 	5.2 	4.8 	4.7 	4.7 	4.8 	4.7 	4.5 	4.4 	4.5 	4.5 	4.2 	4.0 	4.0 	4.0 	4.0 b	3.8 	3.8 	3.8 	3.7 	3.6 	2.9 b	3.0 	2.6 	2.4 	2.3 p
A,PC_TOT,CP03,AT	: 	: 	: 	: 	: 	7.6 	7.6 	7.6 	7.4 	7.2 	7.0 	6.9 	6.8 	6.5 	6.3 	6.2 	6.1 	6.1 	6.0 	6.0 	6.1 	6.0 	5.9 	6.0 	6.0 	6.0 	6.0 	5.9 	5.7 	5.6 	5.0 	5.0 	5.1 	: 
A,PC_TOT,CP03,BA	: 	: 	: 	: 	: 	: 	: 	: 	: 	: 	4.5 	4.6 	4.8 	5.0 	5.1 	5.8 	5.0 	5.0 	4.9 	4.5 	4.4 	4.4 	4.2 	4.3 	4.5 	4.6 	4.6 	4.6 	4.6 	4.7 	4.4 	4.8 	5.4 	5.4 
A,PC_TOT,CP03,BE	: 	: 	: 	: 	: 	6.4 	6.5 	6.4 	6.1 	5.7 	5.2 	5.0 	5.1 	5.1 	5.1 	5.0 	4.8 	5.0 	4.7 	4.7 	4.6 	4.8 	4.9 	5.0 	5.0 	5.0 	4.9 	4.9 	4.8 	4.7 	4.0 	4.3 	4.2 p	: 
A,PC_TOT,CP03,BG	: 	: 	: 	: 	: 	3.5 	3.2 	3.5 	3.6 	3.5 	3.7 	3.9 	3.6 	3.5 	3.2 	3.9 	3.8 	3.3 	3.3 	3.2 	2.9 	2.7 	2.8 	3.1 	3.2 	3.1 	3.2 	3.2 	3.2 	3.4 	3.2 	3.6 	3.5 	: 
A,PC_TOT,CP03,CH	: 	: 	: 	: 	: 	3.4 	3.2 	3.2 	3.1 	3.1 	3.0 	3.0 	2.9 	2.8 	2.7 	2.8 	2.7 	2.8 	2.7 	2.7 	2.8 	2.7 	2.6 	2.6 	2.6 	2.6 	2.7 	2.7 	2.5 	2.4 	2.3 	2.3 	2.4 p	: 
A,PC_TOT,CP03,CY	: 	: 	: 	: 	: 	6.7 	6.7 	6.6 	6.3 	6.2 	6.2 	6.1 	6.2 	5.9 	5.7 	5.7 	5.7 	5.6 	5.6 	5.8 	5.7 	5.3 	5.0 	4.7 	4.9 	4.9 	4.8 	4.8 	4.7 	4.8 	5.2 	5.7 	5.5 p	: 
A,PC_TOT,CP03,CZ	: 	: 	: 	: 	: 	5.4 	5.3 	5.1 	5.0 	5.1 	4.8 	4.8 	4.5 	4.4 	4.3 	4.2 	4.0 	3.9 	3.7 	3.4 	3.2 	3.1 	3.1 	3.2 	3.3 	3.3 	3.5 	3.7 	3.6 	3.6 	3.5 	3.6 	4.2 	: 
A,PC_TOT,CP03,DE	: 	: 	: 	: 	: 	6.6 	6.5 	6.4 	6.3 	6.2 	6.0 	5.8 	5.8 	5.5 	5.4 	5.3 	5.2 	5.4 	5.1 	5.0 	5.0 	4.9 	5.0 	4.9 	4.9 	4.7 	4.7 	4.7 	4.4 	4.3 	3.9 p	3.8 p	4.1 p	: 
A,PC_TOT,CP03,DK	4.8 	4.8 	4.7 	4.7 	4.8 	4.6 	4.6 	4.7 	4.8 	4.6 	4.5 	4.5 	4.5 	4.5 	4.4 	4.3 	4.4 	4.6 	4.4 	4.7 	4.6 	4.4 	4.5 	4.4 	4.3 	4.3 	4.3 	4.2 	4.1 	4.1 	4.1 	4.2 	4.1 	: 
A,PC_TOT,CP03,EA19	: 	: 	: 	: 	: 	6.5 	6.5 	6.4 	6.4 	6.3 	6.1 	6.0 	6.0 	5.8 	5.6 	5.5 	5.5 	5.5 	5.3 	5.2 	5.2 	5.1 	5.0 	4.9 	5.0 	4.9 	4.9 	4.8 	4.7 	4.6 	4.1 	4.1 	4.2 	: 
A,PC_TOT,CP03,EA20	: 	: 	: 	: 	: 	6.5 	6.5 	6.4 	6.4 	6.3 	6.1 	6.0 	5.9 	5.8 	5.6 	5.5 	5.5 	5.5 	5.3 	5.2 	5.2 	5.1 	4.9 	4.9 	5.0 	4.9 	4.9 	4.8 	4.7 	4.6 	4.1 	4.1 	4.2 	: 
A,PC_TOT,CP03,EE	: 	: 	: 	: 	: 	7.3 	7.0 	6.9 	7.1 	6.5 	6.6 	6.7 	6.9 	6.8 	6.7 	6.6 	6.6 	7.1 	6.4 	6.0 	6.1 	6.1 	6.4 	6.6 	6.6 	6.7 	7.0 	6.6 	6.4 	6.2 	6.1 	6.1 	5.9 	: 
A,PC_TOT,CP03,EL	: 	: 	: 	: 	: 	7.3 	7.4 	7.2 	7.0 	6.9 	6.7 	6.0 	6.6 	6.6 	6.8 	6.5 	6.2 	6.4 	6.3 	6.2 	5.2 	4.5 	4.3 	4.2 	4.3 	4.3 	4.3 	4.1 	4.0 	4.1 	3.5 	3.6 	3.4 p	3.2 p
A,PC_TOT,CP03,ES	: 	: 	: 	: 	: 	6.4 	6.4 	6.3 	6.3 	6.3 	6.1 	6.0 	5.8 	5.6 	5.4 	5.5 	5.5 	5.5 	5.2 	5.0 	5.0 	4.7 	4.4 	4.4 	4.5 	4.5 	4.5 	4.4 	4.1 	4.1 	3.3 	3.5 	3.5 	: 
A,PC_TOT,CP03,EU27_2020	: 	: 	: 	: 	: 	6.4 	6.3 	6.3 	6.2 	6.1 	6.0 	5.8 	5.8 	5.6 	5.5 	5.4 	5.4 	5.3 	5.1 	5.0 	5.0 	4.9 	4.8 	4.8 	4.9 	4.8 	4.8 	4.8 	4.7 	4.6 	4.1 	4.2 	4.3 	: 
A,PC_TOT,CP03,FI	5.6 	5.4 	4.8 	4.5 	4.4 	4.6 	5.0 	5.1 	5.0 	4.8 	4.6 	4.6 	4.7 	4.7 	4.8 	4.8 	4.9 	4.9 	4.8 	4.8 	4.8 	4.6 	4.6 	4.5 	4.4 	4.4 	4.3 	4.2 	4.2 	4.3 	3.5 	3.8 	3.8 	3.7 
A,PC_TOT,CP03,FR	6.7 	6.7 	6.5 	6.3 	6.1 	5.8 	5.6 	5.6 	5.5 	5.4 	5.3 	5.1 	5.1 	5.1 	4.9 	4.8 	4.6 	4.6 	4.3 	4.3 	4.2 	4.0 	4.0 	3.9 	4.0 	3.9 	3.8 	3.8 	3.6 	3.5 	3.1 	3.3 p	3.3 p	: 
A,PC_TOT,CP03,HR	: 	: 	: 	: 	: 	5.2 	5.9 	6.3 	6.3 	3.7 	3.5 	3.9 	4.4 	4.2 	4.4 	5.1 	5.1 	5.2 	4.8 	3.8 	3.8 	4.0 	4.3 	4.3 	4.2 	4.1 	4.3 	4.2 	4.1 	4.4 	3.9 	4.4 	4.5 	4.5 p
A,PC_TOT,CP03,HU	: 	: 	: 	: 	: 	4.4 	4.3 	4.3 	4.3 	4.2 	4.1 	4.0 	3.9 	3.7 	3.6 	3.4 	3.2 	3.3 	3.2 	2.9 	2.7 	2.8 	2.6 	2.8 	3.3 	3.6 	3.6 	3.7 	3.8 	3.6 	3.2 	3.3 	3.0 	: 
A,PC_TOT,CP03,IE	: 	: 	: 	: 	: 	7.0 	6.9 	7.0 	6.9 	6.6 	6.5 	6.3 	5.8 	5.1 	4.7 	4.9 	4.8 	4.7 	4.5 	4.7 	4.2 	4.0 	4.0 	3.9 	3.9 	4.0 	3.9 	3.9 	3.9 	4.0 	3.9 	4.7 	4.4 	3.9 
A,PC_TOT,CP03,IS	: 	: 	: 	: 	: 	7.2 	6.7 	6.6 	6.5 	6.2 	5.9 	5.7 	5.1 	4.9 	4.6 	4.5 	4.5 	4.6 	4.7 	5.0 	4.2 	3.8 	3.6 	3.6 	3.4 	3.3 	3.1 	3.0 	3.1 	3.2 	3.6 	3.8 	3.5 	3.2 
A,PC_TOT,CP03,IT	: 	: 	: 	: 	: 	7.6 	7.4 	7.5 	7.7 	7.6 	7.4 	7.5 	7.4 	7.2 	7.0 	6.8 	6.7 	6.6 	6.5 	6.4 	6.5 	6.5 	6.2 	6.1 	6.2 	6.2 	6.1 	6.1 	6.2 	6.0 	5.4 	5.3 	5.7 	5.2 
A,PC_TOT,CP03,LT	: 	: 	: 	: 	: 	5.1 	6.1 	6.0 	6.2 	6.1 	6.0 	5.9 	5.9 	5.7 	6.3 	7.8 	7.8 	7.9 	6.8 	6.4 	6.1 	5.8 	5.8 	5.8 	5.8 	6.0 	5.9 	5.9 	5.9 	5.8 	4.7 	4.7 	4.6 	4.4 
A,PC_TOT,CP03,LU	: 	: 	: 	: 	: 	5.7 	6.0 	6.0 	5.9 	5.6 	5.2 	5.5 	5.5 	5.6 	5.4 	5.1 	5.1 	5.0 	4.9 	5.0 	5.1 	5.1 	5.2 	5.3 	5.2 	5.2 	5.1 	4.9 	4.6 	4.7 	4.6 	4.6 	4.7 	4.3 
A,PC_TOT,CP03,LV	: 	: 	: 	: 	: 	3.8 	3.6 	4.5 	5.1 	4.9 	5.4 	4.9 	5.0 	4.9 	5.2 	4.9 	5.4 	6.1 	5.2 	5.1 	5.3 	5.0 	5.2 	5.5 	5.4 	5.7 	5.3 	5.2 	5.1 	5.1 	5.4 	5.3 	5.3 	: 
A,PC_TOT,CP03,ME	: 	: 	: 	: 	: 	: 	: 	: 	: 	: 	: 	: 	: 	: 	: 	: 	3.6 	3.8 	4.6 	4.0 	3.9 	3.5 	3.8 	4.5 	4.6 	4.5 	5.0 	5.0 	5.5 	4.9 	5.4 	5.0 	5.0 	4.6 
A,PC_TOT,CP03,MK	: 	: 	: 	: 	: 	: 	: 	: 	: 	: 	3.9 	3.8 	3.9 	4.1 	4.1 	4.9 	5.2 	5.0 	4.4 	4.6 	4.5 	4.5 	4.4 	4.3 	4.2 	4.2 	4.3 	4.4 	4.3 	4.2 	4.3 	4.1 	3.8 	3.7 p
A,PC_TOT,CP03,MT	: 	: 	: 	: 	: 	6.8 	7.3 	7.4 	7.0 	6.6 	6.3 	6.0 	5.3 	5.9 	5.9 	5.7 	5.3 	5.1 	5.1 	5.4 	5.5 	5.5 	5.6 	5.8 	6.0 	5.9 	5.4 	5.6 	5.7 	5.3 	5.7 	5.4 	5.4 	4.8 
A,PC_TOT,CP03,NL	: 	: 	: 	: 	: 	5.8 	5.7 	5.7 	5.8 	5.8 	5.7 	5.8 	5.7 	5.4 	5.2 	5.1 	5.4 	5.4 	5.3 	5.4 	5.4 	5.4 	5.4 	5.3 	5.4 	5.4 	5.3 	5.4 	5.1 	5.1 	4.6 	5.0 p	5.1 p	: 
A,PC_TOT,CP03,NO	6.6 	6.7 	6.5 	6.4 	6.4 	6.1 	5.9 	5.9 	5.8 	5.8 	5.6 	5.7 	5.6 	5.5 	5.5 	5.5 	5.5 	5.7 	5.5 	5.6 	5.5 	5.3 	5.2 	5.1 	5.0 	5.0 	5.0 	4.9 	4.9 	4.7 	4.7 	4.6 	4.6 	4.6 
A,PC_TOT,CP03,PL	: 	: 	: 	: 	: 	6.6 	6.5 	6.3 	5.9 	5.7 	5.3 	5.0 	4.9 	4.9 	4.9 	4.7 	4.6 	4.4 	4.2 	4.0 	3.8 	4.3 	4.4 	4.8 	5.3 	5.1 	5.2 	5.2 	5.2 	5.4 	4.7 	4.7 	4.9 	4.5 
A,PC_TOT,CP03,PT	: 	: 	: 	: 	: 	7.0 	6.9 	6.8 	7.0 	6.6 	6.5 	6.4 	6.7 	6.6 	6.5 	6.4 	6.5 	6.3 	6.1 	6.1 	6.1 	5.9 	5.6 	5.8 	6.3 	6.5 	6.4 	6.2 	6.0 	5.8 	5.6 	5.5 	5.2 p	: 
A,PC_TOT,CP03,RO	: 	: 	: 	: 	: 	3.6 	3.7 	4.0 	4.1 	4.0 	3.7 	3.7 	3.6 	3.7 	3.3 	3.5 	3.9 	3.7 	3.6 	3.5 	3.5 	3.7 	4.0 	3.9 	4.0 	4.1 	4.5 	5.1 	6.8 	6.7 	6.3 	6.3 p	6.3 p	: 
A,PC_TOT,CP03,RS	: 	: 	: 	: 	: 	4.2 	4.2 	4.5 	4.3 	4.3 	4.2 	4.5 	4.6 	4.6 	4.1 	4.1 	4.4 	4.8 	4.8 	4.5 	4.1 	3.9 	3.9 	4.0 	3.9 	4.0 	3.9 	3.9 	4.1 	4.1 	4.0 	4.2 	4.1 	4.3 p
A,PC_TOT,CP03,SE	: 	: 	: 	5.0 	4.9 	4.6 	4.5 	4.4 	4.5 	4.6 	4.6 	4.7 	4.7 	4.7 	4.8 	4.8 	5.0 	4.9 	4.9 	4.8 	4.9 	4.8 	4.8 	4.8 	4.8 	4.8 	4.5 	4.4 	4.2 	4.1 	3.7 	4.1 	3.9 	: 
A,PC_TOT,CP03,SI	: 	: 	: 	: 	: 	6.1 	5.8 	5.8 	6.0 	6.1 	6.0 	6.2 	6.0 	6.0 	5.6 	5.5 	5.2 	5.6 	5.4 	5.5 	5.6 	5.5 	5.4 	4.9 	5.2 	5.1 	5.7 	5.5 	5.4 	5.5 	5.1 	5.6 	5.5 	: 
A,PC_TOT,CP03,SK	: 	: 	: 	: 	: 	7.2 	7.4 	7.4 	6.9 	6.3 	5.9 	5.2 	5.0 	4.4 	4.4 	4.6 	4.4 	4.2 	4.6 	4.4 	4.2 	4.0 	4.0 	3.9 	3.9 	3.9 	3.9 	4.1 	4.2 	4.2 	4.2 	4.3 	4.1 	3.8 
A,PC_TOT,CP03,TR	: 	: 	: 	: 	: 	: 	: 	: 	: 	: 	: 	: 	: 	: 	: 	: 	: 	: 	: 	7.0 	7.0 	7.8 	7.5 	7.4 	7.5 	7.4 	7.2 	7.1 	7.1 	7.2 	6.4 	7.0 	7.0 	7.0 
A,PC_TOT,CP03,UK	: 	: 	: 	: 	: 	5.0 	4.9 	4.8 	4.9 	4.8 	4.9 	4.9 	5.2 	5.2 	5.1 	5.0 	5.0 	4.9 	5.0 	5.2 	5.1 	5.2 	5.1 	5.3 	5.2 	5.3 	5.2 	5.2 	5.1 	5.3 	: 	: 	: 	: 
A,PC_TOT,CP04,AL	: 	: 	: 	: 	: 	: 	9.4 	10.9 	12.1 	12.7 	13.7 	14.8 	14.6 	14.1 	14.7 	14.3 	14.4 	13.2 	12.7 	12.4 	12.2 	12.7 	12.6 	13.5 b	13.0 	12.6 	12.3 	12.1 	11.9 	12.9 b	14.2 	12.9 	11.6 	10.7 p
A,PC_TOT,CP04,AT	: 	: 	: 	: 	: 	19.0 	19.6 	19.5 	19.3 	19.5 	19.4 	19.5 	19.6 	19.6 	19.9 	20.8 	20.9 	20.6 	20.9 	21.2 	21.2 	21.1 	21.5 	21.8 	21.9 	22.1 	22.1 	22.3 	22.2 	22.5 	25.4 	25.7 	24.1 	: 
A,PC_TOT,CP04,BA	: 	: 	: 	: 	: 	: 	: 	: 	: 	: 	18.2 	17.8 	16.9 	16.1 	15.6 	14.9 	14.6 	13.9 	13.1 	14.2 	14.4 	14.2 	14.2 	14.2 	13.8 	13.9 	13.8 	13.9 	13.9 	13.5 	14.8 	13.8 	13.0 	12.4 
A,PC_TOT,CP04,BE	: 	: 	: 	: 	: 	21.2 	21.9 	21.8 	21.5 	21.5 	21.5 	21.7 	21.6 	21.8 	21.5 	21.9 	22.1 	21.4 	22.4 	22.5 	23.1 	23.8 	24.7 	24.8 	24.1 	23.9 	23.7 	23.8 	23.9 	23.7 	25.5 	25.3 	25.7 p	: 
A,PC_TOT,CP04,BG	: 	: 	: 	: 	: 	27.6 	28.9 	26.1 	26.0 	26.1 	21.0 	20.8 	20.4 	20.1 	18.3 	16.9 	17.6 	16.2 	17.4 	19.2 	19.0 	19.6 	19.2 	19.8 	19.8 	19.9 	19.2 	19.5 	19.9 	19.8 	20.0 	19.1 	18.4 	: 
A,PC_TOT,CP04,CH	: 	: 	: 	: 	: 	23.2 	23.5 	23.1 	22.8 	22.8 	22.7 	23.0 	23.5 	23.5 	23.6 	23.8 	23.8 	23.7 	24.0 	24.0 	24.4 	24.6 	24.9 	24.9 	25.0 	25.1 	25.4 	25.3 	25.2 	25.3 	26.7 	26.8 	25.8 p	: 
A,PC_TOT,CP04,CY	: 	: 	: 	: 	: 	10.8 	11.4 	11.7 	11.7 	11.5 	11.1 	10.9 	11.7 	12.5 	13.2 	14.2 	15.4 	15.3 	16.1 	18.1 	18.8 	18.9 	20.3 	19.0 	16.4 	15.7 	15.0 	14.6 	14.8 	15.0 	18.5 	17.5 	16.8 p	: 
A,PC_TOT,CP04,CZ	: 	: 	: 	: 	: 	19.2 	18.7 	19.6 	21.3 	21.6 	22.2 	22.6 	23.9 	24.2 	24.3 	24.3 	24.6 	24.8 	25.5 	27.4 	28.0 	27.7 	27.7 	27.7 	26.5 	26.2 	26.1 	25.9 	26.5 	26.3 	28.3 	28.0 	26.0 	: 
A,PC_TOT,CP04,DE	: 	: 	: 	: 	: 	22.8 	23.4 	23.8 	23.7 	23.5 	23.6 	23.8 	24.1 	24.5 	24.5 	24.7 	24.9 	24.7 	25.3 	25.3 	25.3 	24.8 	24.9 	25.2 	24.7 	24.5 	24.2 	24.1 	24.0 	24.0 	25.6 p	25.5 p	24.6 p	: 
A,PC_TOT,CP04,DK	26.3 	26.5 	26.4 	27.4 	25.9 	25.9 	26.1 	25.6 	25.6 	25.7 	26.0 	26.6 	26.8 	27.2 	26.6 	26.3 	26.0 	25.8 	26.3 	27.9 	29.3 	29.4 	29.5 	30.0 	29.5 	29.3 	29.0 	28.5 	28.4 	28.1 	29.1 	28.5 	29.1 	: 
A,PC_TOT,CP04,EA19	: 	: 	: 	: 	: 	20.6 	20.8 	20.8 	20.7 	20.6 	20.4 	20.5 	20.8 	21.2 	21.4 	21.7 	22.0 	21.9 	22.5 	23.4 	23.6 	23.6 	24.3 	24.7 	24.4 	24.2 	24.0 	23.7 	23.7 	23.7 	26.0 	25.4 	24.4 	: 
A,PC_TOT,CP04,EA20	: 	: 	: 	: 	: 	20.6 	20.8 	20.8 	20.7 	20.6 	20.4 	20.5 	20.8 	21.2 	21.4 	21.7 	21.9 	21.9 	22.5 	23.4 	23.5 	23.6 	24.2 	24.7 	24.4 	24.2 	23.9 	23.7 	23.6 	23.6 	25.9 	25.4 	24.4 	: 
A,PC_TOT,CP04,EE	: 	: 	: 	: 	: 	21.9 	20.5 	22.1 	22.5 	22.7 	21.6 	21.3 	20.3 	19.8 	19.2 	17.8 	17.7 	18.0 	17.8 	20.2 	20.9 	19.9 	19.6 	19.1 	18.5 	18.1 	18.0 	17.9 	18.0 	18.5 	18.9 	20.9 	22.5 	: 
A,PC_TOT,CP04,EL	: 	: 	: 	: 	: 	18.4 	18.6 	18.2 	18.2 	17.0 	16.6 	16.5 	17.2 	17.0 	17.0 	17.9 	17.7 	17.6 	18.7 	19.8 	20.7 	22.6 	23.0 	22.1 	21.3 	21.5 	22.0 	21.4 	20.6 	20.8 	25.6 	24.6 	22.6 p	21.6 p
A,PC_TOT,CP04,ES	: 	: 	: 	: 	: 	14.3 	14.7 	14.9 	15.0 	15.1 	15.1 	15.2 	16.0 	16.6 	16.9 	17.4 	18.0 	18.7 	19.8 	21.8 	22.4 	23.1 	23.8 	24.4 	24.0 	23.2 	22.6 	22.0 	21.9 	22.0 	25.6 	24.3 	22.3 	: 
A,PC_TOT,CP04,EU27_2020	: 	: 	: 	: 	: 	20.8 	21.1 	21.1 	21.0 	20.9 	20.7 	20.8 	21.1 	21.5 	21.6 	21.9 	22.1 	22.0 	22.6 	23.5 	23.7 	23.7 	24.2 	24.6 	24.2 	24.1 	23.8 	23.6 	23.4 	23.4 	25.6 	25.0 	24.1 	: 
A,PC_TOT,CP04,FI	18.2 	20.4 	22.4 	24.3 	24.7 	24.6 	24.8 	25.2 	24.8 	24.9 	24.4 	24.4 	24.7 	24.6 	24.5 	24.3 	24.0 	23.7 	23.7 	25.4 	25.7 	25.3 	25.9 	26.6 	27.2 	28.0 	28.4 	28.8 	28.9 	29.2 	31.0 	30.6 	30.2 	29.7 
A,PC_TOT,CP04,FR	20.0 	21.0 	21.5 	22.3 	22.6 	23.1 	23.4 	23.5 	23.4 	23.3 	22.7 	22.7 	22.8 	23.2 	23.4 	23.8 	24.2 	24.0 	24.5 	25.3 	25.5 	25.4 	26.1 	26.6 	26.5 	26.5 	26.4 	26.2 	26.1 	26.2 	28.2 	27.6 p	26.2 p	: 
A,PC_TOT,CP04,HR	: 	: 	: 	: 	: 	21.9 	22.0 	21.3 	19.8 	21.2 	19.7 	18.6 	17.7 	17.1 	16.5 	15.9 	15.6 	16.4 	16.3 	17.7 	17.8 	18.0 	18.2 	18.5 	18.3 	18.1 	17.6 	17.0 	16.6 	16.1 	19.5 	16.4 	15.0 	14.8 p
A,PC_TOT,CP04,HU	: 	: 	: 	: 	: 	17.2 	18.6 	18.9 	18.2 	18.4 	18.1 	17.8 	18.0 	18.3 	18.6 	18.8 	19.1 	19.3 	20.2 	22.0 	23.7 	23.1 	22.6 	21.5 	20.0 	20.2 	20.2 	20.1 	20.2 	20.6 	22.2 	22.3 	22.6 	: 
A,PC_TOT,CP04,IE	: 	: 	: 	: 	: 	15.3 	15.5 	16.5 	17.2 	17.4 	17.5 	18.4 	19.3 	20.0 	19.9 	19.7 	19.7 	20.6 	22.4 	22.0 	22.1 	22.7 	23.0 	23.1 	23.2 	24.1 	23.8 	24.4 	25.2 	25.3 	28.3 	26.6 	26.4 	26.3 
A,PC_TOT,CP04,IS	: 	: 	: 	: 	: 	17.9 	16.8 	16.5 	16.1 	15.9 	17.1 	17.3 	18.4 	19.5 	20.1 	19.9 	20.3 	21.4 	23.8 	25.1 	25.4 	25.3 	24.6 	24.5 	24.3 	24.0 	23.0 	22.9 	23.0 	23.4 	26.9 	25.0 	22.7 	22.3 
A,PC_TOT,CP04,IT	: 	: 	: 	: 	: 	18.0 	18.0 	17.8 	17.8 	18.1 	18.0 	18.2 	18.7 	19.1 	19.7 	20.1 	20.3 	20.4 	20.9 	22.0 	22.0 	22.0 	23.1 	23.7 	23.4 	23.2 	22.9 	22.6 	22.5 	22.5 	25.1 	24.1 	24.1 	22.8 
A,PC_TOT,CP04,LT	: 	: 	: 	: 	: 	20.9 	18.9 	18.6 	17.1 	16.6 	16.7 	15.4 	15.8 	14.9 	14.7 	14.6 	14.7 	14.2 	14.8 	16.2 	16.4 	16.8 	16.9 	16.9 	16.8 	15.9 	16.1 	15.5 	15.4 	15.2 	16.1 	16.0 	16.8 	16.5 
A,PC_TOT,CP04,LU	: 	: 	: 	: 	: 	21.6 	21.2 	20.6 	20.6 	20.0 	20.2 	21.3 	21.4 	21.3 	20.9 	21.4 	21.6 	21.7 	21.7 	22.0 	22.2 	21.9 	22.4 	23.2 	23.5 	23.8 	23.5 	23.2 	22.7 	22.2 	24.3 	22.4 	21.5 	20.7 
A,PC_TOT,CP04,LV	: 	: 	: 	: 	: 	17.1 	18.4 	18.4 	19.5 	20.0 	18.3 	17.9 	19.0 	19.7 	18.7 	18.6 	19.9 	20.9 	23.1 	23.0 	21.1 	22.1 	22.8 	21.5 	22.1 	21.3 	21.2 	20.8 	20.8 	21.1 	22.3 	22.7 	21.3 	: 
A,PC_TOT,CP04,ME	: 	: 	: 	: 	: 	: 	: 	: 	: 	: 	: 	: 	: 	: 	: 	: 	13.3 	11.7 	11.0 	13.3 	12.8 	12.9 	13.8 	14.1 	13.9 	13.1 	12.7 	12.2 	12.1 	11.9 	15.6 	13.0 	11.6 	10.5 
A,PC_TOT,CP04,MK	: 	: 	: 	: 	: 	: 	: 	: 	: 	: 	25.9 	28.3 	26.6 	25.9 	26.0 	25.0 	24.5 	24.8 	24.9 	23.8 	24.7 	23.8 	25.6 	24.4 	24.4 	23.7 	22.6 	21.5 	22.2 	21.6 	22.6 	22.9 	24.1 	22.9 p
A,PC_TOT,CP04,MT	: 	: 	: 	: 	: 	11.9 	11.6 	11.5 	11.4 	10.9 	10.9 	10.9 	11.3 	11.6 	10.9 	10.8 	11.1 	11.0 	12.0 	13.7 	13.6 	12.9 	13.1 	12.6 	12.0 	12.0 	12.6 	12.9 	12.0 	12.3 	17.2 	15.6 	13.9 	11.6 
A,PC_TOT,CP04,NL	: 	: 	: 	: 	: 	19.7 	20.1 	19.6 	19.1 	18.6 	18.5 	18.7 	18.6 	19.3 	19.8 	20.4 	20.7 	20.4 	20.8 	22.2 	22.6 	22.4 	23.4 	24.2 	24.2 	24.4 	24.4 	24.0 	24.1 	24.3 	26.1 	25.5 p	23.4 p	: 
A,PC_TOT,CP04,NO	23.6 	23.5 	23.2 	22.9 	22.2 	21.8 	21.3 	20.8 	20.2 	19.7 	19.7 	20.8 	21.2 	21.9 	21.1 	21.0 	21.3 	20.4 	21.0 	21.5 	22.4 	21.8 	21.2 	22.0 	21.9 	22.4 	22.5 	22.4 	22.8 	23.0 	23.0 	23.6 	22.9 	23.1 
A,PC_TOT,CP04,PL	: 	: 	: 	: 	: 	17.0 	16.9 	18.5 	18.9 	19.7 	19.2 	20.8 	21.4 	21.6 	21.4 	22.4 	22.4 	21.9 	21.5 	23.3 	22.5 	22.0 	22.0 	21.7 	21.6 	21.8 	20.9 	20.1 	19.4 	19.5 	20.8 	20.8 	20.4 	20.8 
A,PC_TOT,CP04,PT	: 	: 	: 	: 	: 	12.8 	12.9 	12.7 	12.4 	12.2 	12.1 	12.5 	13.0 	13.7 	13.9 	14.2 	14.3 	14.5 	14.9 	16.2 	16.5 	17.1 	18.5 	18.9 	19.1 	18.8 	18.3 	17.7 	17.4 	17.3 	20.3 	19.2 	17.3 p	: 
A,PC_TOT,CP04,RO	: 	: 	: 	: 	: 	13.2 	12.4 	17.4 	19.2 	21.5 	22.8 	20.9 	22.5 	21.2 	21.7 	20.9 	20.0 	22.3 	21.9 	25.2 	23.5 	23.4 	21.9 	18.9 	20.0 	20.2 	19.3 	20.8 	18.1 	18.4 	18.4 	18.0 p	18.4 p	: 
A,PC_TOT,CP04,RS	: 	: 	: 	: 	: 	28.2 	27.8 	26.8 	25.0 	25.0 	21.8 	21.3 	22.3 	22.6 	23.4 	22.9 	21.5 	20.8 	19.9 	20.6 	21.2 	21.0 	21.2 	20.8 	21.6 	21.7 	21.6 	21.1 	20.7 	20.4 	21.2 	20.3 	18.8 	18.6 p
A,PC_TOT,CP04,SE	: 	: 	: 	30.8 	30.6 	30.3 	31.1 	30.6 	29.6 	28.1 	27.1 	27.1 	27.1 	27.6 	27.2 	26.9 	26.4 	26.0 	26.3 	26.8 	26.7 	26.5 	26.3 	26.3 	26.0 	25.6 	25.7 	25.5 	25.8 	25.9 	26.5 	25.8 	25.3 	: 
A,PC_TOT,CP04,SI	: 	: 	: 	: 	: 	18.0 	18.4 	18.4 	18.6 	18.4 	19.1 	19.2 	18.9 	18.3 	18.7 	19.1 	19.3 	18.3 	18.7 	19.9 	19.8 	19.6 	19.6 	20.4 	19.7 	19.8 	19.7 	19.3 	18.9 	18.3 	20.8 	19.2 	18.9 	: 
A,PC_TOT,CP04,SK	: 	: 	: 	: 	: 	33.6 	31.8 	30.3 	29.0 	28.8 	29.5 	28.3 	29.4 	31.6 	33.6 	31.9 	31.8 	31.4 	31.1 	31.0 	30.9 	31.3 	30.6 	30.7 	31.5 	30.5 	30.2 	28.6 	27.9 	28.1 	29.7 	29.8 	29.1 	29.2 
A,PC_TOT,CP04,TR	: 	: 	: 	: 	: 	: 	: 	: 	: 	: 	: 	: 	: 	: 	: 	: 	: 	: 	: 	20.0 	18.9 	17.6 	17.5 	16.9 	16.5 	16.2 	16.3 	15.6 	15.1 	14.4 	15.0 	13.1 	12.4 	11.1 
A,PC_TOT,CP04,UK	: 	: 	: 	: 	: 	27.6 	27.1 	26.5 	26.0 	25.8 	25.5 	25.5 	25.5 	25.2 	25.2 	25.4 	25.8 	25.7 	26.4 	27.5 	27.3 	26.8 	27.2 	27.1 	26.8 	27.0 	27.0 	26.2 	25.8 	25.7 	: 	: 	: 	: 
A,PC_TOT,CP05,AL	: 	: 	: 	: 	: 	: 	7.7 	7.7 	7.5 	6.1 	6.9 	6.7 	6.7 	7.0 	6.9 	6.5 	6.4 	7.3 	7.2 	6.8 	6.1 	6.0 	6.0 	5.9 b	5.8 	5.8 	6.0 	5.8 	5.6 	10.8 b	11.7 	10.5 	9.4 	8.8 p
A,PC_TOT,CP05,AT	: 	: 	: 	: 	: 	7.7 	7.6 	7.5 	7.3 	7.3 	7.3 	7.2 	7.1 	7.0 	7.0 	6.8 	6.8 	6.8 	6.8 	6.9 	7.0 	6.9 	6.9 	6.7 	6.7 	6.7 	6.7 	6.7 	6.6 	6.6 	7.1 	7.3 	6.7 	: 
A,PC_TOT,CP05,BA	: 	: 	: 	: 	: 	: 	: 	: 	: 	: 	7.2 	7.2 	7.2 	7.3 	7.3 	7.3 	7.7 	7.8 	7.3 	6.2 	6.1 	5.9 	5.8 	5.8 	6.0 	6.1 	6.2 	6.0 	6.1 	6.3 	6.0 	6.6 	6.5 	6.3 
A,PC_TOT,CP05,BE	: 	: 	: 	: 	: 	6.5 	6.5 	6.5 	6.5 	6.5 	6.5 	6.3 	6.1 	6.0 	5.9 	5.8 	5.8 	6.0 	6.1 	6.3 	6.4 	6.3 	6.2 	6.1 	6.1 	6.1 	6.1 	6.1 	6.0 	6.0 	6.5 	6.6 	5.9 p	: 
A,PC_TOT,CP05,BG	: 	: 	: 	: 	: 	3.8 	3.5 	3.8 	3.9 	3.9 	4.0 	4.4 	4.5 	4.9 	5.4 	6.7 	6.6 	5.7 	6.5 	6.3 	6.4 	5.9 	6.6 	6.3 	4.8 	4.8 	5.0 	5.0 	5.2 	5.2 	5.5 	5.9 	6.0 	: 
A,PC_TOT,CP05,CH	: 	: 	: 	: 	: 	4.3 	4.1 	4.0 	4.0 	4.0 	4.0 	3.9 	3.9 	3.9 	3.8 	3.8 	3.8 	3.8 	4.0 	4.0 	3.9 	3.8 	3.8 	3.7 	3.6 	3.6 	3.5 	3.4 	3.5 	3.5 	3.5 	3.6 	3.5 p	: 
A,PC_TOT,CP05,CY	: 	: 	: 	: 	: 	5.1 	5.0 	4.9 	4.9 	4.9 	5.0 	5.0 	5.0 	5.2 	5.3 	5.4 	5.7 	5.6 	5.5 	5.0 	5.1 	5.1 	4.6 	4.4 	4.6 	4.6 	4.7 	4.8 	4.7 	4.9 	6.1 	5.7 	5.3 p	: 
A,PC_TOT,CP05,CZ	: 	: 	: 	: 	: 	5.9 	5.9 	5.8 	5.9 	5.9 	5.7 	6.0 	5.9 	5.8 	5.8 	5.7 	5.6 	5.5 	5.6 	5.3 	5.4 	5.4 	5.2 	5.1 	5.3 	5.3 	5.3 	5.2 	5.2 	5.2 	5.6 	5.8 	5.6 	: 
A,PC_TOT,CP05,DE	: 	: 	: 	: 	: 	7.5 	7.4 	7.4 	7.4 	7.3 	7.5 	7.3 	7.0 	7.0 	6.7 	6.5 	6.7 	6.5 	6.2 	6.0 	6.3 	6.3 	6.4 	6.4 	6.3 	6.5 	6.5 	6.5 	6.3 	6.4 	7.1 p	7.0 p	6.9 p	: 
A,PC_TOT,CP05,DK	5.5 	5.3 	5.3 	5.4 	5.6 	5.5 	5.4 	5.5 	5.6 	5.6 	5.5 	5.5 	5.6 	5.5 	5.5 	5.4 	5.4 	5.6 	5.5 	5.2 	5.1 	4.9 	4.8 	4.8 	5.0 	5.2 	5.3 	5.5 	5.4 	5.4 	6.0 	6.0 	5.4 	: 
A,PC_TOT,CP05,EA19	: 	: 	: 	: 	: 	6.7 	6.7 	6.6 	6.7 	6.6 	6.6 	6.5 	6.4 	6.3 	6.2 	6.1 	6.2 	6.1 	5.9 	5.8 	5.9 	5.8 	5.7 	5.6 	5.6 	5.6 	5.7 	5.6 	5.5 	5.5 	6.0 	6.0 	5.7 	: 
A,PC_TOT,CP05,EA20	: 	: 	: 	: 	: 	6.7 	6.7 	6.6 	6.7 	6.6 	6.6 	6.5 	6.4 	6.3 	6.2 	6.1 	6.2 	6.1 	5.9 	5.8 	5.9 	5.8 	5.7 	5.6 	5.6 	5.6 	5.7 	5.6 	5.5 	5.5 	6.0 	6.0 	5.7 	: 
A,PC_TOT,CP05,EE	: 	: 	: 	: 	: 	5.8 	5.8 	5.3 	4.9 	4.8 	5.0 	4.9 	5.0 	5.0 	4.9 	5.0 	5.1 	5.0 	4.7 	3.9 	3.7 	3.6 	3.8 	3.8 	3.9 	4.3 	4.4 	4.3 	4.4 	4.4 	5.0 	5.1 	4.7 	: 
A,PC_TOT,CP05,EL	: 	: 	: 	: 	: 	3.9 	3.7 	3.7 	3.6 	3.5 	3.8 	4.1 	4.1 	4.1 	4.5 	4.5 	4.8 	4.7 	4.9 	4.8 	4.6 	4.1 	3.9 	3.5 	3.1 	2.8 	2.7 	2.6 	2.6 	2.7 	2.9 	3.0 	2.8 p	2.6 p
A,PC_TOT,CP05,ES	: 	: 	: 	: 	: 	5.8 	5.7 	5.7 	5.8 	5.8 	5.7 	5.6 	5.5 	5.5 	5.4 	5.5 	5.6 	5.5 	5.2 	5.2 	5.2 	5.0 	4.7 	4.6 	4.5 	4.6 	4.8 	4.8 	4.6 	4.5 	4.7 	4.9 	4.4 	: 
A,PC_TOT,CP05,EU27_2020	: 	: 	: 	: 	: 	6.6 	6.5 	6.5 	6.5 	6.5 	6.4 	6.3 	6.2 	6.2 	6.1 	6.0 	6.1 	6.0 	5.8 	5.7 	5.8 	5.7 	5.6 	5.5 	5.5 	5.6 	5.6 	5.6 	5.5 	5.5 	6.0 	6.0 	5.8 	: 
A,PC_TOT,CP05,FI	5.4 	4.9 	4.5 	4.2 	4.2 	4.4 	4.5 	4.7 	4.9 	4.7 	4.8 	4.9 	4.9 	4.9 	5.1 	5.3 	5.4 	5.4 	5.4 	5.2 	5.3 	5.3 	5.3 	5.1 	5.0 	4.9 	4.7 	4.7 	4.5 	4.5 	4.8 	4.9 	4.7 	4.3 
A,PC_TOT,CP05,FR	6.2 	6.0 	5.9 	5.8 	5.7 	5.7 	5.6 	5.6 	5.6 	5.6 	5.5 	5.4 	5.4 	5.4 	5.4 	5.4 	5.4 	5.4 	5.2 	5.1 	5.1 	5.1 	5.0 	4.9 	4.9 	4.9 	4.9 	4.9 	4.6 	4.6 	4.8 	4.9 p	4.6 p	: 
A,PC_TOT,CP05,HR	: 	: 	: 	: 	: 	5.6 	5.8 	5.7 	5.4 	5.6 	6.0 	6.1 	6.5 	6.9 	6.5 	5.8 	5.6 	5.1 	4.8 	4.7 	4.6 	4.6 	4.6 	4.6 	4.4 	4.4 	4.5 	4.5 	4.7 	4.7 	5.1 	5.0 	4.8 	4.7 p
A,PC_TOT,CP05,HU	: 	: 	: 	: 	: 	6.6 	6.2 	6.2 	6.4 	6.2 	6.2 	6.1 	6.1 	6.2 	6.7 	6.2 	5.9 	5.4 	5.0 	4.6 	4.5 	4.3 	4.1 	4.1 	4.4 	4.4 	4.6 	4.7 	4.9 	5.1 	5.5 	5.3 	5.0 	: 
A,PC_TOT,CP05,IE	: 	: 	: 	: 	: 	6.8 	7.1 	7.1 	7.0 	7.3 	7.1 	7.2 	6.9 	6.8 	6.7 	6.5 	6.6 	6.6 	6.1 	5.3 	4.5 	4.2 	4.4 	4.3 	4.5 	4.5 	4.2 	4.3 	4.3 	4.3 	4.1 	4.6 	5.0 	4.3 
A,PC_TOT,CP05,IS	: 	: 	: 	: 	: 	7.1 	7.5 	7.0 	7.1 	7.0 	6.6 	6.6 	6.2 	6.3 	6.2 	6.5 	6.2 	6.5 	5.5 	5.2 	5.6 	6.4 	6.5 	6.7 	6.5 	6.2 	5.8 	5.4 	5.2 	5.1 	6.2 	5.7 	4.8 	4.3 
A,PC_TOT,CP05,IT	: 	: 	: 	: 	: 	7.8 	7.7 	7.6 	7.6 	7.7 	7.4 	7.3 	7.2 	7.1 	7.1 	7.0 	6.9 	6.8 	6.8 	6.6 	6.8 	6.7 	6.3 	6.2 	6.2 	6.2 	6.2 	6.1 	6.2 	6.1 	6.3 	6.6 	6.5 	6.1 
A,PC_TOT,CP05,LT	: 	: 	: 	: 	: 	3.5 	3.7 	4.8 	4.6 	4.5 	5.2 	5.4 	5.3 	5.5 	5.7 	5.9 	5.9 	5.7 	5.5 	5.5 	5.4 	6.4 	6.3 	6.2 	6.2 	6.5 	6.6 	6.7 	7.0 	7.0 	7.3 	7.1 	6.4 	6.0 
A,PC_TOT,CP05,LU	: 	: 	: 	: 	: 	7.5 	7.5 	7.5 	7.5 	7.1 	6.6 	6.9 	6.7 	7.0 	7.0 	6.7 	6.9 	7.2 	7.5 	7.9 	7.6 	7.5 	7.2 	7.0 	6.7 	6.5 	6.3 	6.7 	6.6 	6.5 	6.9 	6.8 	6.6 	6.1 
A,PC_TOT,CP05,LV	: 	: 	: 	: 	: 	2.2 	1.9 	2.0 	2.2 	2.7 	2.8 	2.8 	2.8 	2.9 	3.1 	3.2 	3.8 	4.0 	3.8 	3.4 	3.7 	3.4 	3.4 	3.6 	3.8 	4.0 	3.8 	3.9 	3.8 	3.8 	4.2 	4.5 	4.1 	: 
A,PC_TOT,CP05,ME	: 	: 	: 	: 	: 	: 	: 	: 	: 	: 	: 	: 	: 	: 	: 	: 	13.4 	12.9 	12.6 	9.4 	9.1 	9.0 	8.6 	8.2 	8.7 	8.2 	8.4 	8.8 	9.4 	10.1 	11.0 	9.7 	8.7 	8.7 
A,PC_TOT,CP05,MK	: 	: 	: 	: 	: 	: 	: 	: 	: 	: 	3.1 	3.1 	3.1 	3.2 	3.2 	3.3 	3.4 	3.7 	4.1 	3.5 	3.3 	3.5 	2.9 	2.9 	3.0 	3.0 	2.9 	2.8 	2.8 	2.8 	2.9 	2.8 	2.6 	2.6 p
A,PC_TOT,CP05,MT	: 	: 	: 	: 	: 	7.8 	7.9 	8.2 	7.9 	7.8 	7.9 	8.2 	8.4 	8.5 	8.3 	8.0 	7.7 	7.6 	7.6 	7.4 	6.8 	6.2 	5.9 	5.4 	5.2 	5.0 	4.9 	4.7 	4.6 	4.6 	5.8 	5.6 	5.0 	4.3 
A,PC_TOT,CP05,NL	: 	: 	: 	: 	: 	6.0 	6.0 	6.1 	6.3 	6.4 	6.5 	6.6 	6.4 	6.2 	6.0 	5.8 	6.0 	6.1 	6.1 	5.9 	5.7 	5.7 	5.6 	5.3 	5.3 	5.4 	5.5 	5.7 	5.8 	5.8 	6.8 	6.8 p	6.5 p	: 
A,PC_TOT,CP05,NO	6.2 	6.2 	6.1 	6.1 	6.1 	6.1 	6.1 	6.3 	6.2 	6.0 	6.3 	6.3 	6.3 	6.0 	5.9 	6.0 	6.0 	6.0 	5.9 	5.7 	5.8 	6.0 	6.4 	6.3 	6.4 	6.3 	6.3 	6.2 	6.1 	6.1 	7.1 	7.0 	6.6 	6.2 
A,PC_TOT,CP05,PL	: 	: 	: 	: 	: 	4.4 	4.6 	4.7 	4.7 	4.6 	4.3 	4.3 	4.4 	4.3 	4.3 	4.3 	4.3 	4.3 	4.3 	4.3 	3.9 	4.0 	4.2 	4.3 	4.7 	4.9 	5.1 	5.2 	5.2 	5.2 	5.3 	5.0 	5.0 	4.8 
A,PC_TOT,CP05,PT	: 	: 	: 	: 	: 	6.6 	6.8 	6.8 	6.8 	6.8 	6.7 	6.6 	6.7 	6.6 	6.3 	6.3 	6.2 	6.1 	6.0 	6.0 	5.8 	5.6 	5.3 	5.1 	5.1 	5.0 	4.8 	4.8 	4.8 	4.8 	5.5 	5.1 	5.1 p	: 
A,PC_TOT,CP05,RO	: 	: 	: 	: 	: 	5.3 	5.1 	4.6 	4.7 	4.4 	4.2 	4.2 	4.1 	4.2 	5.3 	4.9 	5.3 	5.4 	5.3 	5.2 	4.4 	4.8 	4.8 	5.0 	4.8 	5.7 	6.0 	5.4 	6.7 	7.2 	7.5 	7.6 p	7.5 p	: 
A,PC_TOT,CP05,RS	: 	: 	: 	: 	: 	5.1 	5.1 	5.3 	5.5 	5.1 	5.3 	4.8 	4.5 	4.3 	4.4 	5.0 	4.8 	5.5 	5.5 	4.5 	4.2 	3.9 	3.7 	3.9 	3.9 	3.8 	3.9 	3.9 	4.0 	4.1 	4.5 	4.7 	4.4 	4.4 p
A,PC_TOT,CP05,SE	: 	: 	: 	4.8 	4.5 	4.5 	4.3 	4.4 	4.5 	4.6 	4.8 	4.8 	5.0 	5.0 	5.2 	5.4 	5.6 	5.7 	5.8 	5.7 	5.7 	5.5 	5.5 	5.5 	5.7 	5.8 	6.0 	6.0 	5.9 	6.0 	6.6 	6.9 	6.5 	: 
A,PC_TOT,CP05,SI	: 	: 	: 	: 	: 	5.8 	5.6 	5.5 	5.6 	5.7 	6.0 	6.0 	6.0 	5.9 	5.9 	6.0 	5.9 	6.1 	5.7 	6.2 	6.5 	6.1 	5.5 	5.1 	5.1 	4.7 	4.9 	4.9 	4.9 	5.1 	5.6 	5.6 	5.0 	: 
A,PC_TOT,CP05,SK	: 	: 	: 	: 	: 	5.1 	5.0 	5.1 	5.5 	5.3 	4.9 	5.4 	5.4 	5.3 	5.2 	5.7 	5.8 	6.1 	6.8 	6.6 	6.4 	6.3 	6.1 	6.1 	6.1 	6.1 	6.2 	6.2 	6.4 	6.3 	6.2 	6.4 	7.1 	6.6 
A,PC_TOT,CP05,TR	: 	: 	: 	: 	: 	: 	: 	: 	: 	: 	: 	: 	: 	: 	: 	: 	: 	: 	: 	7.1 	7.6 	8.0 	8.0 	8.2 	8.1 	8.1 	8.0 	8.5 	8.3 	7.7 	8.4 	8.6 	8.3 	7.7 
A,PC_TOT,CP05,UK	: 	: 	: 	: 	: 	5.0 	4.9 	5.0 	5.1 	5.1 	5.1 	5.3 	5.3 	5.2 	5.0 	4.9 	4.8 	4.8 	4.5 	4.4 	4.5 	4.4 	4.3 	4.2 	4.2 	4.4 	4.4 	4.6 	4.6 	4.4 	: 	: 	: 	: 
A,PC_TOT,CP06,AL	: 	: 	: 	: 	: 	: 	4.0 	4.1 	4.0 	4.3 	3.8 	3.8 	3.7 	3.8 	3.8 	3.7 	3.6 	3.5 	3.7 	4.0 	4.6 	4.7 	4.5 	4.5 b	4.7 	4.5 	4.6 	4.6 	4.6 	4.5 b	5.4 	5.0 	4.6 	4.4 p
A,PC_TOT,CP06,AT	: 	: 	: 	: 	: 	3.5 	3.5 	3.6 	3.7 	3.8 	3.7 	3.8 	3.9 	3.9 	3.9 	3.8 	3.7 	3.8 	3.7 	3.7 	3.8 	3.7 	3.7 	3.8 	3.8 	3.9 	3.9 	3.8 	3.8 	3.8 	4.0 	4.1 	3.7 	: 
A,PC_TOT,CP06,BA	: 	: 	: 	: 	: 	: 	: 	: 	: 	: 	4.2 	4.1 	4.3 	4.4 	4.5 	4.1 	4.1 	4.2 	4.4 	4.6 	4.4 	3.8 	3.9 	3.8 	3.9 	4.0 	4.0 	3.9 	3.9 	4.0 	4.5 	4.8 	4.3 	4.4 
A,PC_TOT,CP06,BE	: 	: 	: 	: 	: 	5.1 	4.9 	5.1 	5.1 	5.3 	5.4 	5.5 	5.7 	5.8 	6.0 	6.0 	6.0 	6.0 	6.1 	6.4 	6.3 	6.3 	6.4 	6.4 	6.5 	6.7 	6.7 	6.6 	6.6 	7.0 	6.7 	6.9 	6.7 p	: 
A,PC_TOT,CP06,BG	: 	: 	: 	: 	: 	2.7 	2.5 	2.7 	2.7 	2.7 	2.8 	3.4 	3.9 	4.0 	3.9 	4.7 	4.3 	4.1 	4.1 	4.2 	4.1 	5.5 	5.3 	4.9 	6.4 	6.1 	6.4 	6.3 	6.4 	6.4 	7.2 	7.2 	6.5 	: 
A,PC_TOT,CP06,CH	: 	: 	: 	: 	: 	11.6 	12.0 	11.9 	12.2 	12.3 	12.4 	12.6 	13.0 	13.4 	13.7 	13.7 	13.5 	13.6 	13.6 	14.0 	14.2 	14.3 	14.5 	15.1 	15.5 	16.0 	16.6 	16.7 	16.6 	16.8 	17.3 	18.1 	17.7 p	: 
A,PC_TOT,CP06,CY	: 	: 	: 	: 	: 	3.6 	3.7 	3.9 	3.8 	3.9 	3.9 	4.1 	4.2 	4.3 	4.1 	4.3 	4.4 	4.3 	4.3 	4.8 	5.0 	4.7 	4.8 	5.0 	5.2 	5.2 	5.2 	5.3 	5.5 	4.6 	3.8 	2.7 	2.5 p	: 
A,PC_TOT,CP06,CZ	: 	: 	: 	: 	: 	1.8 	1.6 	1.6 	1.5 	1.5 	1.4 	1.6 	1.7 	1.7 	1.8 	2.0 	2.2 	2.4 	2.7 	2.5 	2.5 	2.5 	2.6 	2.4 	2.5 	2.5 	2.5 	2.4 	2.4 	2.4 	2.4 	2.7 	2.7 	: 
A,PC_TOT,CP06,DE	: 	: 	: 	: 	: 	3.6 	3.6 	3.7 	3.8 	3.8 	3.9 	3.9 	4.1 	4.2 	4.5 	4.5 	4.5 	4.6 	4.8 	5.0 	5.2 	5.2 	5.2 	5.1 	5.1 	5.1 	5.1 	5.1 	5.1 	5.2 	5.6 p	5.6 p	5.3 p	: 
A,PC_TOT,CP06,DK	2.4 	2.4 	2.5 	2.5 	2.4 	2.4 	2.4 	2.5 	2.5 	2.5 	2.5 	2.6 	2.6 	2.7 	2.7 	2.7 	2.7 	2.7 	2.7 	3.0 	3.0 	2.9 	2.9 	2.9 	2.9 	2.9 	2.9 	2.9 	2.9 	2.9 	3.0 	3.0 	2.8 	: 
A,PC_TOT,CP06,EA19	: 	: 	: 	: 	: 	3.6 	3.6 	3.7 	3.7 	3.7 	3.7 	3.7 	3.8 	3.9 	4.0 	4.0 	3.9 	3.9 	4.0 	4.2 	4.2 	4.2 	4.3 	4.3 	4.3 	4.4 	4.3 	4.3 	4.4 	4.4 	4.6 	4.7 	4.4 	: 
A,PC_TOT,CP06,EA20	: 	: 	: 	: 	: 	3.6 	3.6 	3.7 	3.7 	3.7 	3.7 	3.7 	3.8 	3.9 	4.0 	4.0 	3.9 	3.9 	4.0 	4.2 	4.2 	4.2 	4.3 	4.3 	4.3 	4.4 	4.3 	4.3 	4.4 	4.4 	4.6 	4.7 	4.4 	: 
A,PC_TOT,CP06,EE	: 	: 	: 	: 	: 	2.1 	2.3 	2.2 	2.2 	2.6 	2.9 	3.0 	3.1 	3.2 	3.1 	3.1 	3.0 	3.0 	2.8 	2.9 	2.9 	2.8 	2.8 	2.9 	3.0 	3.1 	3.3 	3.3 	3.3 	3.5 	3.7 	3.7 	3.2 	: 
A,PC_TOT,CP06,EL	: 	: 	: 	: 	: 	3.9 	3.8 	3.7 	4.2 	3.8 	3.6 	4.1 	4.3 	4.7 	4.8 	4.9 	5.0 	4.7 	4.5 	4.3 	3.6 	3.5 	3.4 	4.1 	3.8 	3.8 	3.7 	3.9 	4.2 	3.7 	4.5 	4.5 	4.2 p	4.1 p
A,PC_TOT,CP06,ES	: 	: 	: 	: 	: 	3.1 	3.1 	3.1 	3.2 	3.2 	3.2 	3.2 	3.2 	3.3 	3.3 	3.3 	3.3 	3.3 	3.5 	3.6 	3.6 	3.7 	3.8 	4.0 	4.1 	4.0 	3.9 	4.0 	4.1 	4.2 	4.7 	4.4 	4.0 	: 
A,PC_TOT,CP06,EU27_2020	: 	: 	: 	: 	: 	3.5 	3.5 	3.6 	3.6 	3.6 	3.6 	3.6 	3.7 	3.8 	3.9 	3.9 	3.8 	3.8 	3.9 	4.1 	4.1 	4.2 	4.2 	4.3 	4.3 	4.4 	4.3 	4.3 	4.3 	4.4 	4.7 	4.7 	4.5 	: 
A,PC_TOT,CP06,FI	2.9 	3.1 	3.4 	3.5 	3.4 	3.4 	3.6 	3.7 	3.6 	3.6 	3.8 	3.9 	4.1 	4.1 	4.2 	4.3 	4.3 	4.3 	4.4 	4.3 	4.4 	4.3 	4.2 	4.4 	4.3 	4.3 	4.4 	4.4 	4.4 	4.4 	4.5 	4.6 	4.3 	4.2 
A,PC_TOT,CP06,FR	3.2 	3.3 	3.4 	3.6 	3.7 	3.7 	3.7 	3.7 	3.6 	3.6 	3.6 	3.6 	3.7 	3.8 	3.8 	3.9 	3.9 	3.9 	4.0 	4.1 	4.1 	4.2 	4.2 	4.2 	4.2 	4.2 	4.2 	4.1 	4.0 	4.0 	4.0 	4.2 p	4.0 p	: 
A,PC_TOT,CP06,HR	: 	: 	: 	: 	: 	4.0 	3.4 	3.1 	2.6 	2.5 	2.5 	3.0 	3.2 	4.2 	4.2 	4.1 	3.8 	3.8 	4.5 	4.6 	4.4 	4.2 	3.9 	3.9 	4.0 	4.0 	4.0 	4.1 	4.1 	4.2 	5.3 	5.0 	5.2 	5.1 p
A,PC_TOT,CP06,HU	: 	: 	: 	: 	: 	3.0 	3.0 	3.2 	3.2 	3.5 	3.7 	3.9 	3.9 	3.9 	3.9 	4.0 	3.9 	3.8 	3.8 	4.0 	4.3 	4.4 	4.3 	4.4 	4.4 	4.3 	4.3 	4.2 	4.1 	4.0 	4.3 	4.0 	3.7 	: 
A,PC_TOT,CP06,IE	: 	: 	: 	: 	: 	2.6 	2.6 	2.6 	2.6 	2.6 	2.5 	2.6 	2.8 	2.9 	3.1 	3.2 	3.3 	3.2 	3.5 	4.5 	4.6 	4.8 	5.6 	5.2 	5.0 	5.1 	5.1 	5.0 	4.9 	5.0 	5.1 	5.2 	4.7 	4.6 
A,PC_TOT,CP06,IS	: 	: 	: 	: 	: 	2.8 	2.9 	2.8 	3.0 	2.8 	2.9 	3.1 	3.2 	3.2 	3.2 	2.9 	2.8 	2.7 	2.8 	3.0 	3.2 	3.0 	2.9 	2.9 	2.8 	2.8 	2.6 	2.6 	2.5 	2.6 	2.9 	2.8 	2.4 	2.5 
A,PC_TOT,CP06,IT	: 	: 	: 	: 	: 	3.3 	3.3 	3.4 	3.5 	3.4 	3.4 	3.3 	3.3 	3.2 	3.2 	3.1 	3.1 	3.1 	3.2 	3.2 	3.2 	3.3 	3.3 	3.3 	3.4 	3.5 	3.5 	3.5 	3.5 	3.5 	3.7 	3.9 	3.6 	3.4 
A,PC_TOT,CP06,LT	: 	: 	: 	: 	: 	2.6 	2.7 	2.9 	3.4 	3.4 	3.4 	3.3 	4.5 	4.3 	4.1 	5.0 	4.3 	4.2 	4.5 	4.6 	5.1 	4.4 	4.5 	4.7 	4.6 	4.7 	4.4 	4.2 	4.3 	4.7 	5.0 	5.3 	4.6 	4.9 
A,PC_TOT,CP06,LU	: 	: 	: 	: 	: 	2.3 	2.3 	2.1 	2.3 	2.1 	2.0 	1.9 	1.9 	2.2 	2.7 	2.3 	2.6 	2.4 	2.4 	2.6 	2.6 	2.7 	2.7 	2.7 	2.2 	2.7 	2.9 	2.9 	3.0 	3.4 	2.8 	4.2 	3.9 	4.1 
A,PC_TOT,CP06,LV	: 	: 	: 	: 	: 	3.2 	3.7 	3.9 	3.8 	4.0 	4.2 	4.7 	4.5 	4.3 	4.2 	3.9 	3.7 	3.8 	3.9 	4.5 	4.5 	4.4 	4.1 	4.2 	4.6 	4.7 	4.6 	4.8 	4.7 	5.1 	5.4 	5.1 	4.5 	: 
A,PC_TOT,CP06,ME	: 	: 	: 	: 	: 	: 	: 	: 	: 	: 	: 	: 	: 	: 	: 	: 	2.0 	2.2 	1.9 	2.2 	2.1 	2.2 	2.0 	2.1 	2.3 	2.5 	2.1 	2.2 	2.4 	2.1 	2.3 	2.4 	2.2 	2.1 
A,PC_TOT,CP06,MK	: 	: 	: 	: 	: 	: 	: 	: 	: 	: 	2.2 	2.0 	1.8 	2.0 	1.9 	2.2 	1.8 	2.0 	2.0 	2.1 	2.0 	1.4 	1.3 	1.4 	1.4 	1.5 	1.7 	1.7 	1.7 	1.9 	2.2 	2.4 	2.3 	2.1 p
A,PC_TOT,CP06,MT	: 	: 	: 	: 	: 	2.3 	2.5 	2.3 	2.6 	2.7 	2.8 	2.7 	3.0 	3.0 	3.3 	3.4 	3.5 	3.5 	3.7 	3.8 	3.8 	3.8 	3.8 	3.8 	4.0 	4.2 	4.1 	4.2 	4.1 	4.4 	5.5 	5.4 	4.4 	4.1 
A,PC_TOT,CP06,NL	: 	: 	: 	: 	: 	4.2 	4.6 	4.4 	4.3 	4.2 	4.0 	4.2 	4.5 	4.6 	4.9 	5.0 	2.5 	2.6 	2.8 	3.0 	3.0 	3.0 	3.2 	3.5 	3.5 	3.5 	3.5 	3.5 	3.4 	3.4 	3.3 	3.4 p	3.3 p	: 
A,PC_TOT,CP06,NO	2.4 	2.5 	2.5 	2.5 	2.4 	2.5 	2.6 	2.6 	2.7 	2.7 	2.7 	2.8 	2.9 	2.9 	2.9 	3.0 	2.8 	2.8 	2.8 	2.9 	2.9 	3.0 	2.9 	2.9 	3.0 	3.0 	3.1 	3.1 	3.0 	3.1 	3.3 	3.3 	3.3 	3.2 
A,PC_TOT,CP06,PL	: 	: 	: 	: 	: 	2.6 	2.8 	3.0 	3.3 	3.4 	3.5 	3.7 	3.9 	3.9 	4.2 	4.0 	4.0 	4.0 	4.0 	4.1 	4.3 	4.9 	4.7 	5.4 	5.4 	5.2 	5.5 	5.5 	5.8 	5.7 	6.5 	6.8 	6.5 	6.2 
A,PC_TOT,CP06,PT	: 	: 	: 	: 	: 	4.5 	4.4 	4.4 	4.2 	4.5 	4.4 	4.3 	4.4 	4.6 	4.6 	4.6 	4.5 	4.7 	4.9 	5.2 	5.0 	5.0 	4.9 	5.0 	4.8 	5.0 	5.3 	5.2 	5.2 	5.4 	5.4 	6.0 	5.6 p	: 
A,PC_TOT,CP06,RO	: 	: 	: 	: 	: 	2.8 	2.4 	2.2 	2.5 	2.5 	2.4 	2.4 	2.4 	2.4 	3.7 	3.3 	3.1 	3.4 	3.8 	3.0 	5.8 	6.8 	6.5 	5.2 	6.7 	6.7 	6.4 	5.9 	5.1 	5.2 	6.9 	6.9 p	6.9 p	: 
A,PC_TOT,CP06,RS	: 	: 	: 	: 	: 	6.8 	5.4 	4.3 	4.2 	3.6 	3.1 	3.2 	3.4 	3.7 	3.8 	3.7 	3.9 	4.0 	3.7 	3.9 	3.9 	4.0 	4.0 	4.0 	4.0 	3.9 	3.9 	3.9 	4.0 	4.1 	4.7 	4.9 	4.4 	4.3 p
A,PC_TOT,CP06,SE	: 	: 	: 	2.1 	2.2 	2.3 	2.3 	2.5 	2.5 	2.5 	2.7 	2.9 	2.9 	2.9 	2.9 	3.0 	3.0 	3.0 	3.0 	3.1 	3.0 	3.0 	3.1 	3.2 	3.3 	3.3 	3.2 	3.1 	3.2 	3.1 	3.1 	3.1 	2.9 	: 
A,PC_TOT,CP06,SI	: 	: 	: 	: 	: 	2.3 	2.6 	2.7 	2.8 	2.8 	3.2 	3.3 	3.4 	3.4 	3.4 	3.5 	3.5 	3.5 	3.5 	3.6 	3.7 	3.6 	3.9 	4.0 	3.9 	3.9 	3.8 	3.8 	3.9 	3.8 	4.4 	4.3 	4.2 	: 
A,PC_TOT,CP06,SK	: 	: 	: 	: 	: 	0.5 	0.5 	0.6 	0.6 	0.8 	0.9 	1.0 	1.0 	1.2 	1.6 	1.7 	1.7 	1.9 	1.8 	2.1 	2.2 	2.5 	2.3 	2.5 	2.5 	2.6 	2.6 	2.5 	2.5 	2.6 	2.5 	2.8 	2.6 	2.7 
A,PC_TOT,CP06,TR	: 	: 	: 	: 	: 	: 	: 	: 	: 	: 	: 	: 	: 	: 	: 	: 	: 	: 	: 	2.1 	2.4 	2.5 	2.2 	2.1 	2.0 	2.1 	2.2 	2.1 	2.1 	2.2 	2.3 	2.3 	2.1 	2.2 
A,PC_TOT,CP06,UK	: 	: 	: 	: 	: 	1.3 	1.3 	1.3 	1.3 	1.2 	1.2 	1.4 	1.4 	1.4 	1.4 	1.3 	1.2 	1.5 	1.4 	1.4 	1.5 	1.5 	1.6 	1.8 	1.8 	1.8 	1.8 	1.9 	1.9 	2.0 	: 	: 	: 	: 
A,PC_TOT,CP07,AL	: 	: 	: 	: 	: 	: 	4.0 	3.6 	3.8 	4.0 	4.0 	3.8 	3.9 	4.1 	4.1 	4.0 	4.1 	4.6 	4.6 	4.3 	4.4 	4.8 	5.6 	5.2 b	5.1 	5.0 	5.0 	5.1 	5.3 	7.1 b	7.3 	7.0 	6.7 	6.0 p
A,PC_TOT,CP07,AT	: 	: 	: 	: 	: 	12.7 	13.4 	13.1 	12.9 	13.0 	13.2 	12.8 	13.0 	13.2 	13.3 	13.4 	13.5 	13.4 	13.4 	13.0 	13.3 	13.8 	13.5 	13.1 	12.5 	12.1 	12.0 	12.2 	12.4 	12.1 	10.6 	11.5 	11.8 	: 
A,PC_TOT,CP07,BA	: 	: 	: 	: 	: 	: 	: 	: 	: 	: 	9.0 	8.9 	8.3 	7.9 	8.4 	8.6 	8.7 	8.6 	8.8 	8.6 	9.2 	9.5 	9.3 	9.2 	9.3 	8.9 	8.4 	8.6 	9.2 	9.2 	6.5 	7.1 	7.9 	7.4 
A,PC_TOT,CP07,BE	: 	: 	: 	: 	: 	11.6 	12.0 	11.8 	12.0 	12.5 	12.8 	12.5 	12.4 	12.1 	12.3 	12.3 	12.6 	12.3 	12.4 	11.8 	12.2 	12.3 	11.8 	11.7 	11.6 	10.9 	11.0 	11.2 	11.2 	11.2 	10.1 	9.8 	9.6 p	: 
A,PC_TOT,CP07,BG	: 	: 	: 	: 	: 	11.5 	10.7 	11.6 	11.8 	12.1 	13.6 	14.7 	15.4 	16.1 	16.1 	15.6 	17.1 	17.0 	15.8 	16.4 	16.0 	15.4 	15.9 	15.2 	14.9 	15.1 	14.0 	13.9 	13.4 	13.8 	11.7 	12.3 	13.7 	: 
A,PC_TOT,CP07,CH	: 	: 	: 	: 	: 	9.6 	9.5 	9.6 	9.6 	9.8 	10.0 	9.9 	9.8 	9.6 	9.6 	9.8 	9.9 	9.9 	9.9 	9.5 	9.8 	10.0 	10.2 	9.9 	9.8 	9.5 	9.2 	9.1 	9.3 	9.3 	8.6 	8.9 	9.4 p	: 
A,PC_TOT,CP07,CY	: 	: 	: 	: 	: 	16.4 	16.4 	16.1 	16.5 	16.3 	16.4 	17.2 	17.7 	17.1 	16.4 	15.7 	14.8 	17.2 	17.2 	14.2 	14.5 	14.2 	13.8 	13.5 	14.1 	13.9 	14.5 	15.2 	15.3 	15.0 	12.0 	11.3 	12.5 p	: 
A,PC_TOT,CP07,CZ	: 	: 	: 	: 	: 	10.0 	10.7 	10.1 	10.0 	10.0 	10.0 	9.9 	9.4 	9.6 	10.3 	10.5 	10.5 	10.1 	9.9 	9.4 	9.2 	9.6 	9.5 	9.3 	9.8 	9.7 	9.7 	10.3 	10.4 	10.2 	9.1 	9.5 	10.0 	: 
A,PC_TOT,CP07,DE	: 	: 	: 	: 	: 	13.5 	14.0 	13.8 	13.8 	13.8 	13.4 	13.3 	13.6 	13.4 	13.5 	13.4 	13.7 	13.1 	13.2 	13.5 	12.8 	13.7 	13.6 	13.3 	13.5 	13.2 	13.4 	13.6 	14.0 	14.1 	13.0 p	13.1 p	13.5 p	: 
A,PC_TOT,CP07,DK	11.5 	11.6 	11.5 	10.8 	12.7 	13.1 	13.5 	13.6 	13.3 	13.2 	12.4 	11.6 	12.0 	11.1 	12.5 	13.4 	13.7 	13.5 	12.6 	11.0 	11.3 	11.4 	11.4 	11.9 	11.8 	11.7 	11.6 	11.6 	12.2 	12.4 	11.3 	10.9 	10.8 	: 
A,PC_TOT,CP07,EA19	: 	: 	: 	: 	: 	13.2 	13.5 	13.5 	13.6 	13.9 	13.7 	13.4 	13.4 	13.3 	13.4 	13.5 	13.5 	13.3 	13.3 	12.9 	12.8 	13.1 	12.9 	12.6 	12.7 	12.5 	12.6 	12.9 	13.3 	13.2 	11.6 	12.1 	12.6 	: 
A,PC_TOT,CP07,EA20	: 	: 	: 	: 	: 	13.2 	13.5 	13.5 	13.6 	13.9 	13.7 	13.4 	13.4 	13.2 	13.3 	13.4 	13.5 	13.3 	13.3 	12.9 	12.7 	13.1 	12.9 	12.6 	12.7 	12.5 	12.6 	12.9 	13.2 	13.2 	11.5 	12.1 	12.6 	: 
A,PC_TOT,CP07,EE	: 	: 	: 	: 	: 	9.1 	11.0 	11.1 	11.3 	10.9 	10.4 	10.7 	10.8 	11.7 	11.4 	12.1 	13.0 	13.6 	12.8 	11.3 	12.0 	12.7 	13.0 	12.5 	12.0 	11.3 	11.3 	11.7 	11.7 	11.8 	9.9 	10.2 	11.1 	: 
A,PC_TOT,CP07,EL	: 	: 	: 	: 	: 	13.3 	13.9 	12.5 	12.3 	13.6 	13.4 	12.1 	12.6 	13.3 	13.3 	12.7 	13.5 	13.6 	13.7 	12.2 	11.8 	11.6 	11.2 	11.2 	11.7 	11.6 	11.7 	12.1 	12.4 	12.1 	9.8 	11.1 	12.7 p	13.4 p
A,PC_TOT,CP07,ES	: 	: 	: 	: 	: 	11.0 	11.4 	11.8 	12.1 	12.6 	12.3 	11.9 	11.4 	11.3 	11.7 	12.1 	12.2 	12.3 	12.1 	11.5 	11.8 	11.7 	11.7 	11.6 	11.8 	12.0 	11.8 	12.4 	12.6 	12.3 	10.4 	11.4 	11.9 	: 
A,PC_TOT,CP07,EU27_2020	: 	: 	: 	: 	: 	13.0 	13.4 	13.4 	13.4 	13.7 	13.6 	13.3 	13.2 	13.1 	13.2 	13.4 	13.5 	13.3 	13.2 	12.7 	12.7 	13.0 	12.9 	12.6 	12.7 	12.6 	12.6 	12.9 	13.2 	13.2 	11.6 	12.0 	12.5 	: 
A,PC_TOT,CP07,FI	14.5 	12.7 	11.7 	11.7 	12.1 	12.2 	12.8 	12.9 	13.2 	13.0 	13.2 	12.4 	12.7 	13.3 	13.1 	13.3 	13.1 	12.7 	12.8 	11.5 	12.3 	13.0 	12.7 	12.3 	11.9 	11.7 	11.6 	11.9 	12.0 	11.8 	10.4 	10.8 	11.2 	11.1 
A,PC_TOT,CP07,FR	15.0 	14.3 	14.3 	13.7 	14.3 	14.2 	14.5 	13.8 	14.1 	14.6 	14.5 	14.3 	14.1 	13.7 	13.9 	14.1 	13.9 	14.0 	13.9 	13.6 	13.6 	13.9 	13.6 	13.2 	13.1 	13.0 	13.1 	13.6 	14.0 	14.0 	11.7 	12.6 p	13.6 p	: 
A,PC_TOT,CP07,HR	: 	: 	: 	: 	: 	10.0 	9.7 	11.1 	14.0 	13.6 	12.9 	11.7 	10.9 	10.5 	11.3 	12.3 	12.5 	12.0 	10.6 	10.4 	10.0 	10.0 	10.0 	9.8 	9.7 	9.1 	9.0 	9.1 	9.5 	9.3 	7.4 	7.8 	8.2 	8.2 p
A,PC_TOT,CP07,HU	: 	: 	: 	: 	: 	12.2 	12.7 	12.6 	12.9 	14.2 	14.9 	14.5 	14.4 	14.8 	14.8 	15.4 	15.6 	15.3 	14.7 	13.3 	12.1 	13.0 	12.9 	12.9 	13.7 	12.8 	12.8 	12.7 	12.9 	12.6 	11.2 	11.6 	11.8 	: 
A,PC_TOT,CP07,IE	: 	: 	: 	: 	: 	10.6 	10.9 	11.7 	11.7 	11.9 	12.9 	11.0 	10.7 	10.7 	11.1 	11.7 	12.3 	12.4 	12.2 	11.0 	12.1 	12.7 	12.8 	12.4 	12.9 	13.2 	13.0 	12.5 	12.3 	12.2 	10.4 	9.3 	10.1 	9.6 
A,PC_TOT,CP07,IS	: 	: 	: 	: 	: 	12.3 	14.3 	15.6 	15.5 	16.2 	15.8 	13.8 	13.4 	14.8 	16.0 	17.7 	17.2 	16.9 	14.6 	12.3 	13.1 	13.7 	14.7 	14.3 	14.2 	14.1 	14.0 	14.4 	14.0 	13.0 	12.0 	12.8 	14.4 	14.2 
A,PC_TOT,CP07,IT	: 	: 	: 	: 	: 	13.0 	13.2 	14.1 	14.1 	14.2 	14.2 	13.9 	13.7 	13.8 	13.6 	13.8 	13.7 	13.4 	13.2 	12.7 	12.6 	12.7 	12.7 	12.4 	12.5 	12.3 	12.3 	12.6 	12.9 	13.0 	11.1 	12.1 	12.3 	12.7 
A,PC_TOT,CP07,LT	: 	: 	: 	: 	: 	7.8 	8.4 	9.6 	11.4 	12.4 	15.4 	14.5 	13.0 	13.8 	14.1 	14.0 	15.7 	16.3 	16.8 	14.4 	14.9 	14.8 	14.7 	14.9 	14.8 	14.5 	14.1 	15.1 	15.6 	15.6 	13.9 	15.1 	16.1 	15.5 
A,PC_TOT,CP07,LU	: 	: 	: 	: 	: 	15.4 	15.6 	15.5 	14.5 	14.5 	15.8 	16.0 	14.8 	14.9 	16.3 	17.7 	17.6 	17.2 	16.8 	15.4 	15.4 	16.7 	16.7 	15.6 	15.2 	14.2 	14.2 	14.1 	15.2 	14.8 	13.2 	14.3 	14.7 	13.9 
A,PC_TOT,CP07,LV	: 	: 	: 	: 	: 	10.5 	9.7 	12.0 	11.6 	11.1 	11.1 	11.2 	11.0 	10.8 	11.6 	12.3 	12.6 	12.9 	11.1 	10.3 	11.2 	12.0 	12.2 	11.3 	11.6 	12.0 	12.3 	12.4 	12.3 	11.7 	10.2 	11.1 	11.3 	: 
A,PC_TOT,CP07,ME	: 	: 	: 	: 	: 	: 	: 	: 	: 	: 	: 	: 	: 	: 	: 	: 	15.0 	14.0 	12.8 	9.8 	9.9 	10.1 	10.2 	9.5 	9.3 	8.8 	8.8 	9.9 	10.5 	10.3 	8.8 	9.4 	10.8 	11.3 
A,PC_TOT,CP07,MK	: 	: 	: 	: 	: 	: 	: 	: 	: 	: 	8.5 	8.9 	8.6 	8.4 	8.8 	9.2 	9.7 	9.8 	9.9 	9.1 	9.4 	10.3 	9.1 	8.6 	8.4 	8.2 	8.1 	8.6 	8.4 	8.5 	7.7 	8.5 	8.7 	8.6 p
A,PC_TOT,CP07,MT	: 	: 	: 	: 	: 	15.3 	15.2 	14.1 	14.0 	15.0 	15.0 	13.9 	12.6 	11.7 	12.3 	13.0 	12.7 	13.1 	13.3 	13.0 	12.9 	13.3 	12.9 	12.0 	12.0 	11.7 	11.7 	11.2 	11.2 	11.3 	11.0 	11.0 	10.7 	10.3 
A,PC_TOT,CP07,NL	: 	: 	: 	: 	: 	12.4 	12.4 	12.5 	12.5 	13.0 	13.2 	13.0 	13.0 	12.8 	13.1 	13.1 	13.4 	13.1 	13.2 	12.8 	13.0 	13.2 	12.7 	12.2 	12.1 	12.0 	11.8 	11.9 	12.4 	12.3 	11.2 	11.5 p	12.1 p	: 
A,PC_TOT,CP07,NO	13.1 	12.9 	13.0 	13.2 	14.0 	14.1 	15.5 	15.3 	15.2 	14.8 	15.3 	14.6 	14.4 	13.9 	14.6 	15.1 	15.5 	16.4 	15.9 	15.0 	15.7 	16.3 	16.3 	15.8 	15.6 	15.6 	15.4 	15.7 	15.5 	15.6 	13.5 	14.6 	15.7 	14.6 
A,PC_TOT,CP07,PL	: 	: 	: 	: 	: 	9.9 	11.1 	11.0 	11.6 	12.3 	12.5 	11.7 	11.7 	11.9 	12.2 	11.9 	11.5 	12.3 	13.3 	12.5 	14.0 	13.9 	14.2 	13.9 	13.8 	13.6 	13.0 	14.1 	13.9 	13.9 	12.6 	13.2 	13.3 	12.9 
A,PC_TOT,CP07,PT	: 	: 	: 	: 	: 	15.0 	15.3 	15.8 	16.3 	16.8 	17.1 	16.2 	15.4 	14.7 	15.0 	15.4 	15.0 	14.9 	14.5 	12.8 	13.8 	13.1 	12.0 	11.7 	12.3 	12.4 	12.8 	13.3 	13.4 	13.6 	11.3 	11.9 	12.1 p	: 
A,PC_TOT,CP07,RO	: 	: 	: 	: 	: 	10.5 	10.2 	12.7 	12.5 	12.0 	11.6 	11.7 	11.4 	11.7 	12.5 	17.5 	18.0 	15.9 	15.1 	13.2 	11.3 	10.7 	11.5 	12.4 	11.7 	12.4 	11.7 	12.9 	12.9 	12.2 	11.1 	11.3 p	11.1 p	: 
A,PC_TOT,CP07,RS	: 	: 	: 	: 	: 	5.1 	6.9 	6.0 	6.6 	6.9 	7.0 	7.3 	7.6 	9.1 	11.0 	11.4 	12.0 	11.4 	12.5 	12.5 	13.0 	12.8 	12.5 	12.2 	12.4 	11.8 	12.0 	12.4 	12.9 	13.2 	10.8 	11.7 	12.0 	11.3 p
A,PC_TOT,CP07,SE	: 	: 	: 	11.9 	12.0 	12.3 	12.5 	13.0 	13.2 	13.8 	14.0 	13.2 	13.2 	13.1 	13.6 	14.0 	13.6 	13.6 	12.7 	12.0 	12.7 	13.1 	12.8 	12.5 	12.5 	12.5 	12.7 	12.8 	12.7 	12.9 	11.3 	12.0 	12.7 	: 
A,PC_TOT,CP07,SI	: 	: 	: 	: 	: 	17.0 	16.8 	16.5 	16.3 	16.3 	15.5 	15.2 	14.7 	14.8 	15.2 	15.1 	15.1 	15.5 	15.9 	15.0 	15.0 	15.0 	15.5 	15.9 	16.0 	16.0 	15.8 	16.6 	17.0 	17.1 	14.2 	17.1 	17.5 	: 
A,PC_TOT,CP07,SK	: 	: 	: 	: 	: 	6.8 	6.7 	6.7 	7.3 	7.7 	7.7 	8.4 	7.9 	7.6 	7.2 	7.3 	6.9 	6.6 	6.5 	6.4 	6.2 	6.1 	6.5 	6.5 	6.4 	6.7 	6.7 	6.7 	6.8 	6.6 	4.8 	5.2 	5.6 	5.6 
A,PC_TOT,CP07,TR	: 	: 	: 	: 	: 	: 	: 	: 	: 	: 	: 	: 	: 	: 	: 	: 	: 	: 	: 	14.0 	14.6 	15.0 	15.1 	16.2 	15.9 	16.1 	15.8 	16.7 	16.5 	15.6 	15.2 	16.1 	18.3 	19.7 
A,PC_TOT,CP07,UK	: 	: 	: 	: 	: 	12.9 	13.3 	13.8 	13.9 	13.9 	13.9 	14.1 	13.9 	13.8 	13.7 	13.9 	13.8 	14.0 	13.9 	13.5 	13.7 	14.0 	14.0 	14.0 	13.9 	13.5 	13.5 	13.4 	13.9 	13.8 	: 	: 	: 	: 
A,PC_TOT,CP08,AL	: 	: 	: 	: 	: 	: 	1.1 	1.5 	1.7 	1.5 	1.4 	1.4 	1.7 	1.9 	2.1 	2.0 	1.9 	2.0 	2.1 	2.1 	1.9 	1.9 	1.9 	1.8 b	1.7 	1.8 	1.8 	1.8 	1.7 	2.2 b	2.5 	2.2 	2.0 	1.8 p
A,PC_TOT,CP08,AT	: 	: 	: 	: 	: 	1.9 	1.9 	2.1 	2.2 	2.5 	2.8 	2.7 	2.7 	2.8 	2.8 	2.7 	2.6 	2.5 	2.3 	2.3 	2.1 	2.0 	2.0 	1.9 	1.9 	1.9 	1.9 	1.9 	1.9 	1.9 	2.1 	2.0 	1.9 	: 
A,PC_TOT,CP08,BA	: 	: 	: 	: 	: 	: 	: 	: 	: 	: 	2.2 	2.4 	2.7 	2.8 	2.9 	2.8 	2.8 	2.8 	2.9 	3.0 	3.0 	3.1 	3.1 	3.1 	3.1 	2.9 	2.8 	2.7 	2.6 	2.5 	2.6 	2.5 	2.2 	2.1 
A,PC_TOT,CP08,BE	: 	: 	: 	: 	: 	1.6 	1.7 	1.8 	2.0 	2.2 	2.3 	2.4 	2.7 	2.9 	2.9 	2.8 	2.6 	2.6 	2.4 	2.5 	2.4 	2.3 	2.4 	2.3 	2.3 	2.2 	2.3 	2.2 	2.1 	2.1 	2.5 	2.3 	2.1 p	: 
A,PC_TOT,CP08,BG	: 	: 	: 	: 	: 	4.2 	3.9 	4.2 	4.2 	4.2 	4.4 	4.4 	4.6 	4.6 	4.3 	4.1 	4.7 	5.1 	5.4 	5.5 	5.5 	5.3 	5.3 	5.5 	5.0 	4.8 	4.8 	4.8 	4.8 	4.7 	5.6 	5.2 	4.7 	: 
A,PC_TOT,CP08,CH	: 	: 	: 	: 	: 	1.9 	1.9 	1.9 	1.9 	1.9 	1.9 	2.1 	2.2 	2.2 	2.4 	2.4 	2.4 	2.4 	2.3 	2.3 	2.3 	2.3 	2.4 	2.5 	2.6 	2.6 	2.5 	2.5 	2.5 	2.5 	2.7 	2.5 	2.3 p	: 
A,PC_TOT,CP08,CY	: 	: 	: 	: 	: 	2.4 	2.7 	2.9 	3.1 	3.6 	3.6 	3.9 	3.8 	4.4 	3.9 	3.3 	3.2 	3.0 	3.0 	3.2 	2.6 	2.7 	2.7 	2.8 	2.8 	2.9 	2.8 	2.6 	2.5 	2.5 	3.1 	3.0 	2.7 p	: 
A,PC_TOT,CP08,CZ	: 	: 	: 	: 	: 	1.8 	1.9 	1.9 	1.8 	1.9 	2.2 	2.6 	2.9 	3.1 	3.3 	3.2 	3.5 	3.4 	3.3 	3.2 	3.1 	3.0 	3.0 	2.9 	2.9 	2.9 	2.9 	2.9 	2.8 	2.9 	3.2 	3.1 	2.8 	: 
A,PC_TOT,CP08,DE	: 	: 	: 	: 	: 	2.0 	2.0 	2.1 	2.2 	2.2 	2.4 	2.7 	2.7 	2.7 	2.8 	2.8 	2.7 	2.7 	2.8 	2.8 	2.7 	2.6 	2.5 	2.5 	2.4 	2.3 	2.3 	2.3 	2.3 	2.2 	2.3 p	2.3 p	2.2 p	: 
A,PC_TOT,CP08,DK	1.7 	1.7 	1.8 	1.8 	1.9 	1.8 	1.8 	1.9 	1.9 	2.0 	2.0 	2.0 	2.0 	2.1 	2.2 	2.1 	1.9 	2.0 	2.1 	2.0 	2.0 	2.0 	2.1 	1.9 	1.9 	2.0 	2.1 	2.0 	2.0 	2.0 	2.1 	1.9 	1.7 	: 
A,PC_TOT,CP08,EA19	: 	: 	: 	: 	: 	2.0 	2.1 	2.2 	2.3 	2.5 	2.7 	2.9 	3.0 	3.0 	3.1 	3.1 	3.0 	2.9 	2.9 	3.0 	2.9 	2.8 	2.7 	2.6 	2.5 	2.5 	2.5 	2.4 	2.4 	2.3 	2.5 	2.4 	2.3 	: 
A,PC_TOT,CP08,EA20	: 	: 	: 	: 	: 	2.0 	2.1 	2.2 	2.3 	2.5 	2.7 	2.9 	3.0 	3.0 	3.1 	3.1 	3.0 	2.9 	2.9 	3.0 	2.9 	2.8 	2.7 	2.6 	2.5 	2.5 	2.5 	2.4 	2.4 	2.3 	2.5 	2.4 	2.3 	: 
A,PC_TOT,CP08,EE	: 	: 	: 	: 	: 	1.7 	2.0 	2.0 	2.2 	2.7 	3.0 	3.2 	3.0 	3.2 	3.2 	3.1 	3.1 	2.9 	3.8 	4.0 	3.8 	3.6 	3.3 	2.9 	2.8 	2.7 	2.6 	2.5 	2.4 	2.4 	2.7 	2.6 	2.2 	: 
A,PC_TOT,CP08,EL	: 	: 	: 	: 	: 	1.3 	1.5 	2.0 	2.2 	3.0 	2.8 	3.3 	3.4 	3.0 	2.8 	2.9 	3.6 	3.5 	3.5 	4.3 	4.4 	4.1 	4.2 	3.6 	3.3 	3.3 	3.6 	3.7 	3.5 	3.5 	4.9 	4.1 	3.6 p	3.4 p
A,PC_TOT,CP08,ES	: 	: 	: 	: 	: 	1.7 	1.8 	1.9 	2.1 	2.3 	2.3 	2.5 	2.6 	2.4 	2.5 	2.5 	2.5 	2.6 	2.7 	2.8 	2.7 	2.7 	2.7 	2.6 	2.5 	2.4 	2.5 	2.5 	2.6 	2.5 	2.8 	2.7 	2.4 	: 
A,PC_TOT,CP08,EU27_2020	: 	: 	: 	: 	: 	2.0 	2.1 	2.2 	2.3 	2.5 	2.7 	2.9 	3.0 	3.0 	3.1 	3.1 	3.0 	2.9 	2.9 	3.0 	2.9 	2.8 	2.8 	2.7 	2.6 	2.5 	2.5 	2.5 	2.4 	2.4 	2.6 	2.5 	2.3 	: 
A,PC_TOT,CP08,FI	1.4 	1.4 	1.5 	1.5 	1.6 	1.6 	1.9 	2.2 	2.5 	3.0 	3.1 	3.3 	3.3 	3.2 	3.3 	2.8 	2.7 	2.7 	2.6 	2.5 	2.5 	2.6 	2.4 	2.3 	2.4 	2.4 	2.4 	2.4 	2.4 	2.4 	2.6 	2.5 	2.4 	2.4 
A,PC_TOT,CP08,FR	2.1 	2.1 	2.1 	2.2 	2.2 	2.2 	2.3 	2.3 	2.3 	2.6 	2.8 	2.9 	3.1 	3.3 	3.3 	3.3 	3.2 	3.2 	3.2 	3.3 	3.2 	3.0 	2.8 	2.7 	2.6 	2.6 	2.5 	2.4 	2.4 	2.3 	2.5 	2.5 p	2.3 p	: 
A,PC_TOT,CP08,HR	: 	: 	: 	: 	: 	2.2 	2.1 	2.1 	2.4 	2.5 	2.4 	2.1 	2.8 	3.1 	3.0 	3.3 	3.3 	3.2 	3.7 	3.7 	3.8 	3.9 	3.7 	3.9 	3.9 	3.9 	3.9 	4.0 	4.0 	3.9 	4.9 	4.3 	3.9 	3.9 p
A,PC_TOT,CP08,HU	: 	: 	: 	: 	: 	1.8 	2.4 	2.7 	3.1 	3.7 	3.9 	4.2 	4.5 	4.2 	4.0 	4.2 	3.9 	3.7 	3.8 	3.6 	3.7 	3.7 	3.7 	3.8 	3.7 	3.8 	3.8 	3.6 	3.1 	2.8 	3.0 	2.7 	2.3 	: 
A,PC_TOT,CP08,IE	: 	: 	: 	: 	: 	1.8 	1.9 	2.0 	1.9 	1.9 	2.1 	2.3 	2.5 	2.8 	3.2 	3.4 	3.5 	3.2 	3.1 	3.3 	3.0 	2.9 	2.8 	2.7 	2.8 	2.8 	2.6 	2.5 	2.5 	2.4 	2.8 	2.7 	2.4 	2.2 
A,PC_TOT,CP08,IS	: 	: 	: 	: 	: 	1.1 	1.1 	1.0 	1.4 	1.9 	2.1 	2.3 	2.6 	2.7 	2.6 	2.5 	2.5 	2.6 	2.5 	2.4 	2.3 	2.3 	2.3 	2.2 	2.2 	2.3 	2.1 	2.0 	2.1 	2.6 	3.0 	3.2 	2.8 	2.4 
A,PC_TOT,CP08,IT	: 	: 	: 	: 	: 	2.2 	2.3 	2.5 	2.6 	2.8 	3.0 	3.0 	3.1 	3.1 	3.2 	3.1 	3.0 	3.0 	2.8 	2.9 	2.9 	2.8 	2.8 	2.6 	2.4 	2.4 	2.4 	2.4 	2.3 	2.2 	2.3 	2.2 	1.9 	1.9 
A,PC_TOT,CP08,LT	: 	: 	: 	: 	: 	0.8 	0.9 	1.7 	1.9 	2.1 	2.6 	3.1 	3.2 	3.1 	2.9 	2.6 	2.4 	2.4 	2.2 	2.8 	2.6 	2.3 	2.5 	2.6 	2.5 	2.7 	2.8 	2.9 	2.7 	2.7 	3.0 	2.6 	2.3 	2.3 
A,PC_TOT,CP08,LU	: 	: 	: 	: 	: 	1.8 	1.7 	1.8 	1.8 	1.6 	1.6 	1.5 	1.5 	1.7 	1.6 	1.6 	1.7 	1.7 	1.6 	1.6 	1.7 	1.6 	1.6 	1.6 	1.6 	1.6 	1.6 	1.5 	1.4 	1.4 	1.5 	1.4 	1.3 	1.2 
A,PC_TOT,CP08,LV	: 	: 	: 	: 	: 	1.4 	1.4 	1.1 	1.5 	2.2 	2.3 	2.4 	2.7 	3.2 	3.6 	3.3 	3.3 	3.2 	3.1 	3.6 	3.4 	3.2 	2.9 	2.8 	2.7 	2.7 	2.7 	2.7 	2.7 	2.6 	2.7 	2.6 	2.5 	: 
A,PC_TOT,CP08,ME	: 	: 	: 	: 	: 	: 	: 	: 	: 	: 	: 	: 	: 	: 	: 	: 	4.6 	6.1 	5.4 	5.7 	5.1 	4.8 	4.6 	4.6 	4.5 	4.4 	5.2 	4.2 	4.0 	3.8 	4.0 	3.4 	3.5 	3.1 
A,PC_TOT,CP08,MK	: 	: 	: 	: 	: 	: 	: 	: 	: 	: 	4.4 	4.2 	4.5 	4.4 	4.5 	4.2 	4.0 	4.0 	4.3 	4.9 	4.3 	3.9 	4.2 	4.0 	3.6 	3.1 	2.9 	3.2 	3.0 	3.0 	2.8 	2.7 	2.6 	2.4 p
A,PC_TOT,CP08,MT	: 	: 	: 	: 	: 	1.6 	1.7 	1.8 	1.8 	2.1 	2.8 	2.9 	3.1 	3.2 	3.2 	3.2 	3.3 	3.3 	3.3 	3.4 	3.2 	3.1 	3.0 	3.0 	2.9 	2.9 	3.0 	2.9 	2.7 	2.7 	3.3 	3.0 	2.7 	2.5 
A,PC_TOT,CP08,NL	: 	: 	: 	: 	: 	2.4 	2.4 	2.6 	3.0 	3.4 	3.7 	4.2 	4.5 	4.6 	4.5 	4.4 	4.3 	4.0 	3.7 	3.5 	3.4 	3.3 	3.3 	3.3 	3.2 	3.1 	2.9 	2.7 	2.5 	2.4 	2.5 	2.5 p	2.2 p	: 
A,PC_TOT,CP08,NO	2.1 	1.9 	1.6 	1.8 	1.7 	1.8 	1.9 	1.9 	2.1 	2.5 	2.6 	2.7 	2.8 	2.8 	3.2 	3.2 	3.1 	2.9 	2.9 	2.8 	2.8 	2.7 	2.5 	2.3 	2.2 	2.2 	2.2 	2.2 	2.4 	2.3 	2.4 	2.1 	1.9 	1.9 
A,PC_TOT,CP08,PL	: 	: 	: 	: 	: 	2.1 	2.1 	1.7 	2.0 	2.6 	2.7 	2.9 	3.0 	3.1 	3.2 	3.4 	3.2 	3.1 	3.1 	3.0 	2.8 	2.7 	2.6 	2.7 	2.5 	2.5 	2.4 	2.6 	2.4 	2.3 	2.5 	2.4 	1.9 	1.9 
A,PC_TOT,CP08,PT	: 	: 	: 	: 	: 	2.2 	2.2 	2.4 	2.4 	2.4 	2.6 	3.0 	3.2 	3.2 	3.3 	3.2 	3.2 	3.1 	3.0 	3.0 	3.0 	3.0 	3.0 	2.8 	2.5 	2.4 	2.5 	2.4 	2.2 	2.3 	2.6 	2.4 	2.3 p	: 
A,PC_TOT,CP08,RO	: 	: 	: 	: 	: 	1.4 	1.4 	1.8 	2.2 	2.8 	3.1 	3.1 	3.0 	3.1 	2.3 	2.0 	2.0 	2.1 	2.1 	2.3 	3.9 	3.7 	4.1 	4.1 	3.8 	4.0 	4.2 	3.7 	3.6 	3.4 	3.4 	3.4 p	3.4 p	: 
A,PC_TOT,CP08,RS	: 	: 	: 	: 	: 	1.7 	2.6 	2.5 	3.0 	2.9 	2.5 	2.7 	3.4 	3.6 	3.5 	3.5 	3.6 	4.5 	4.3 	4.4 	4.4 	4.3 	4.4 	4.7 	4.6 	5.0 	4.9 	4.8 	4.9 	4.8 	5.5 	5.3 	4.8 	4.4 p
A,PC_TOT,CP08,SE	: 	: 	: 	1.9 	1.9 	2.1 	2.3 	2.5 	2.8 	2.9 	2.8 	3.2 	3.2 	3.4 	3.4 	3.3 	3.1 	3.0 	2.9 	2.9 	3.0 	3.1 	3.0 	3.0 	3.1 	3.2 	3.0 	3.2 	3.2 	2.9 	3.0 	3.2 	3.0 	: 
A,PC_TOT,CP08,SI	: 	: 	: 	: 	: 	1.8 	1.9 	1.9 	1.9 	2.1 	2.3 	2.5 	3.0 	3.0 	3.3 	3.5 	3.4 	3.2 	3.2 	3.3 	3.2 	3.3 	3.2 	3.3 	3.2 	3.0 	2.9 	2.8 	2.8 	2.8 	3.1 	3.0 	2.5 	: 
A,PC_TOT,CP08,SK	: 	: 	: 	: 	: 	1.4 	1.6 	1.8 	2.2 	2.8 	3.2 	3.9 	3.8 	3.8 	3.7 	3.8 	3.9 	3.8 	3.7 	3.9 	3.8 	3.6 	3.6 	3.4 	3.3 	3.3 	3.3 	3.3 	3.2 	3.2 	3.1 	3.1 	2.8 	2.8 
A,PC_TOT,CP08,TR	: 	: 	: 	: 	: 	: 	: 	: 	: 	: 	: 	: 	: 	: 	: 	: 	: 	: 	: 	4.1 	3.8 	3.6 	3.4 	3.6 	3.6 	3.4 	3.6 	3.4 	3.0 	2.9 	3.1 	2.8 	2.0 	2.0 
A,PC_TOT,CP08,UK	: 	: 	: 	: 	: 	2.0 	2.0 	2.0 	2.0 	2.0 	2.0 	2.0 	2.0 	2.0 	2.1 	2.0 	2.0 	1.9 	1.9 	1.9 	2.0 	2.0 	1.9 	1.8 	1.8 	1.7 	1.7 	1.8 	1.7 	1.6 	: 	: 	: 	: 
A,PC_TOT,CP09,AL	: 	: 	: 	: 	: 	: 	3.6 	2.9 	3.4 	6.4 	9.2 	9.8 	9.4 	9.2 	9.6 	12.6 	13.4 	15.1 	15.4 	16.4 	17.3 	14.2 	13.8 	13.1 b	14.5 	14.2 	15.3 	16.0 	16.4 	18.5 b	10.7 	17.9 	21.6 	25.5 p
A,PC_TOT,CP09,AT	: 	: 	: 	: 	: 	9.9 	10.0 	10.0 	10.2 	10.4 	10.5 	10.5 	10.4 	10.2 	10.0 	9.9 	10.0 	9.9 	10.0 	10.2 	10.2 	10.2 	10.2 	10.1 	10.1 	10.1 	10.0 	10.0 	10.0 	9.9 	8.9 	9.0 	9.9 	: 
A,PC_TOT,CP09,BA	: 	: 	: 	: 	: 	: 	: 	: 	: 	: 	3.6 	3.7 	3.8 	4.0 	4.2 	4.5 	4.8 	5.0 	5.1 	4.7 	4.6 	4.7 	4.5 	4.5 	4.9 	4.8 	4.8 	4.8 	4.8 	4.7 	4.3 	4.5 	4.5 	4.5 
A,PC_TOT,CP09,BE	: 	: 	: 	: 	: 	9.3 	9.3 	9.5 	9.5 	9.9 	9.7 	9.6 	9.1 	9.2 	9.4 	9.4 	9.4 	9.5 	9.3 	9.4 	9.0 	9.1 	8.9 	8.7 	8.7 	8.5 	8.4 	8.3 	8.4 	8.3 	7.4 	7.6 	7.7 p	: 
A,PC_TOT,CP09,BG	: 	: 	: 	: 	: 	4.1 	3.8 	4.1 	4.2 	4.2 	4.4 	3.9 	4.5 	4.7 	6.5 	7.0 	7.1 	7.5 	7.9 	7.3 	7.6 	7.2 	6.8 	7.1 	7.5 	7.6 	7.8 	7.9 	7.8 	8.2 	7.5 	8.1 	7.1 	: 
A,PC_TOT,CP09,CH	: 	: 	: 	: 	: 	9.7 	9.5 	9.3 	9.3 	9.3 	9.1 	9.1 	9.3 	9.2 	9.2 	9.1 	8.9 	8.8 	8.8 	8.8 	8.4 	8.2 	8.1 	7.9 	7.7 	7.7 	7.3 	7.2 	6.9 	6.8 	6.0 	5.9 	6.3 p	: 
A,PC_TOT,CP09,CY	: 	: 	: 	: 	: 	6.2 	6.2 	6.3 	6.2 	6.0 	5.8 	5.6 	5.7 	5.7 	6.3 	6.7 	6.8 	6.6 	6.2 	6.2 	7.1 	7.5 	7.2 	7.0 	6.9 	7.1 	6.8 	6.6 	6.6 	6.9 	7.2 	7.1 	6.9 p	: 
A,PC_TOT,CP09,CZ	: 	: 	: 	: 	: 	10.4 	10.5 	10.7 	10.5 	10.5 	10.6 	10.6 	10.6 	10.7 	11.0 	10.9 	10.6 	10.2 	10.3 	9.6 	9.2 	8.9 	8.6 	8.6 	8.6 	8.6 	8.9 	8.9 	8.7 	9.0 	8.0 	8.1 	9.1 	: 
A,PC_TOT,CP09,DE	: 	: 	: 	: 	: 	10.4 	10.3 	10.5 	10.6 	10.8 	11.0 	10.9 	10.3 	10.3 	10.2 	10.1 	10.0 	10.2 	10.5 	10.4 	10.4 	10.5 	10.5 	10.5 	10.4 	10.7 	10.8 	11.0 	10.9 	10.8 	9.5 p	9.5 p	10.0 p	: 
A,PC_TOT,CP09,DK	9.7 	10.0 	10.1 	10.2 	10.1 	10.2 	10.6 	10.8 	10.7 	11.0 	11.2 	11.3 	11.3 	11.7 	11.9 	11.9 	12.3 	12.2 	11.9 	11.5 	11.1 	11.1 	11.1 	11.0 	11.1 	11.4 	11.6 	11.8 	11.7 	11.8 	11.0 	11.0 	11.3 	: 
A,PC_TOT,CP09,EA19	: 	: 	: 	: 	: 	9.0 	8.9 	9.0 	9.1 	9.2 	9.3 	9.3 	9.1 	9.0 	9.0 	8.9 	8.8 	8.8 	8.8 	8.8 	8.8 	8.7 	8.6 	8.4 	8.4 	8.5 	8.6 	8.6 	8.6 	8.6 	7.7 	7.8 	8.4 	: 
A,PC_TOT,CP09,EA20	: 	: 	: 	: 	: 	9.0 	8.9 	9.0 	9.1 	9.2 	9.3 	9.3 	9.1 	9.0 	9.0 	8.9 	8.8 	8.8 	8.8 	8.8 	8.8 	8.7 	8.6 	8.4 	8.4 	8.5 	8.6 	8.6 	8.6 	8.6 	7.7 	7.8 	8.4 	: 
A,PC_TOT,CP09,EE	: 	: 	: 	: 	: 	5.6 	7.3 	7.7 	8.4 	8.0 	8.2 	8.3 	8.6 	8.5 	8.6 	9.1 	9.4 	9.3 	8.2 	7.2 	7.2 	7.2 	7.3 	7.6 	7.8 	8.2 	8.4 	8.7 	8.8 	8.9 	8.6 	8.8 	8.9 	: 
A,PC_TOT,CP09,EL	: 	: 	: 	: 	: 	4.4 	4.5 	4.4 	4.3 	4.3 	4.5 	4.9 	4.8 	4.6 	4.9 	5.0 	5.1 	5.1 	5.0 	5.2 	5.1 	5.0 	4.7 	5.0 	5.2 	5.1 	5.0 	5.2 	5.6 	5.8 	4.6 	4.9 	6.0 p	5.9 p
A,PC_TOT,CP09,ES	: 	: 	: 	: 	: 	8.1 	8.2 	8.3 	8.7 	8.8 	9.0 	8.8 	8.8 	8.8 	8.6 	8.5 	8.2 	8.0 	7.9 	7.8 	7.6 	7.4 	7.1 	7.0 	7.0 	7.2 	7.4 	7.5 	7.5 	7.5 	5.6 	6.6 	8.0 	: 
A,PC_TOT,CP09,EU27_2020	: 	: 	: 	: 	: 	9.0 	9.0 	9.0 	9.2 	9.3 	9.4 	9.3 	9.1 	9.0 	9.1 	8.9 	8.9 	8.9 	8.8 	8.8 	8.7 	8.7 	8.6 	8.4 	8.4 	8.5 	8.6 	8.7 	8.6 	8.6 	7.7 	7.9 	8.4 	: 
A,PC_TOT,CP09,FI	11.2 	11.0 	10.5 	10.1 	10.2 	10.5 	11.0 	10.9 	11.1 	11.0 	11.3 	11.2 	11.2 	11.1 	11.4 	11.6 	12.1 	12.3 	12.2 	12.0 	11.9 	11.7 	11.6 	11.2 	10.9 	10.6 	10.5 	10.4 	10.2 	10.1 	9.2 	9.1 	9.1 	8.9 
A,PC_TOT,CP09,FR	8.5 	8.6 	8.5 	8.5 	8.5 	8.6 	8.5 	8.7 	9.0 	9.1 	9.1 	9.1 	9.3 	9.3 	9.3 	9.2 	9.2 	9.1 	8.8 	8.7 	8.6 	8.4 	8.2 	8.0 	8.0 	8.0 	8.0 	8.0 	7.9 	7.9 	7.5 	7.7 p	8.0 p	: 
A,PC_TOT,CP09,HR	: 	: 	: 	: 	: 	6.4 	6.6 	5.9 	6.2 	6.7 	6.4 	6.9 	6.2 	6.6 	7.3 	8.1 	8.2 	8.1 	7.9 	7.7 	7.7 	8.1 	8.0 	7.9 	8.1 	8.2 	8.2 	8.5 	8.6 	8.6 	8.3 	9.0 	8.7 	8.9 p
A,PC_TOT,CP09,HU	: 	: 	: 	: 	: 	8.1 	8.3 	8.3 	8.0 	8.0 	8.1 	8.2 	8.3 	8.4 	8.4 	8.6 	8.6 	8.2 	7.8 	7.7 	7.6 	7.3 	7.2 	6.9 	7.1 	7.1 	7.2 	7.3 	7.4 	7.5 	7.1 	7.5 	7.5 	: 
A,PC_TOT,CP09,IE	: 	: 	: 	: 	: 	7.9 	8.0 	7.6 	7.4 	7.1 	7.6 	7.9 	7.6 	7.5 	7.9 	7.9 	7.7 	7.9 	7.5 	7.7 	8.1 	7.7 	7.4 	7.3 	7.1 	7.1 	7.1 	7.1 	7.1 	6.9 	6.4 	6.3 	7.3 	7.3 
A,PC_TOT,CP09,IS	: 	: 	: 	: 	: 	13.0 	12.8 	12.1 	12.3 	12.3 	12.4 	12.8 	12.8 	12.1 	11.9 	11.7 	11.2 	10.3 	9.5 	8.9 	9.7 	9.6 	9.5 	9.7 	10.2 	10.4 	11.1 	11.4 	11.7 	11.9 	9.7 	10.5 	11.5 	11.6 
A,PC_TOT,CP09,IT	: 	: 	: 	: 	: 	7.1 	7.2 	7.3 	7.3 	7.3 	7.3 	7.3 	7.3 	7.1 	7.2 	6.9 	7.0 	7.0 	6.9 	7.0 	7.2 	7.1 	6.8 	6.5 	6.5 	6.6 	6.7 	6.7 	6.7 	6.7 	6.1 	6.4 	6.8 	6.8 
A,PC_TOT,CP09,LT	: 	: 	: 	: 	: 	3.0 	3.9 	4.4 	5.8 	5.8 	6.1 	7.0 	6.9 	7.0 	7.3 	6.9 	6.8 	7.2 	6.7 	6.3 	6.0 	6.3 	6.6 	7.1 	7.4 	7.8 	8.2 	8.4 	8.4 	8.5 	7.7 	7.9 	8.4 	8.4 
A,PC_TOT,CP09,LU	: 	: 	: 	: 	: 	8.2 	8.1 	7.6 	7.7 	7.3 	7.0 	7.3 	7.0 	7.1 	7.0 	6.8 	7.0 	7.2 	7.1 	7.4 	7.2 	7.1 	6.9 	7.0 	6.9 	7.0 	6.9 	6.7 	6.6 	6.6 	6.0 	6.4 	6.7 	6.6 
A,PC_TOT,CP09,LV	: 	: 	: 	: 	: 	4.6 	6.2 	6.6 	6.5 	7.5 	8.0 	9.1 	8.5 	8.8 	10.2 	9.4 	8.7 	9.4 	9.4 	8.3 	8.2 	8.1 	8.4 	8.4 	8.8 	9.6 	9.5 	9.6 	9.8 	10.3 	8.5 	8.7 	9.7 	: 
A,PC_TOT,CP09,ME	: 	: 	: 	: 	: 	: 	: 	: 	: 	: 	: 	: 	: 	: 	: 	: 	4.9 	5.0 	5.0 	3.8 	4.2 	3.8 	3.8 	4.1 	3.9 	4.1 	3.9 	3.8 	4.4 	4.1 	4.2 	4.3 	4.0 	4.0 
A,PC_TOT,CP09,MK	: 	: 	: 	: 	: 	: 	: 	: 	: 	: 	3.3 	3.2 	3.2 	2.9 	3.0 	2.8 	3.4 	3.0 	3.4 	3.2 	2.9 	3.8 	3.1 	3.2 	3.2 	3.7 	4.0 	4.4 	4.5 	4.7 	4.1 	4.5 	4.3 	4.9 p
A,PC_TOT,CP09,MT	: 	: 	: 	: 	: 	10.0 	10.4 	10.7 	10.7 	10.9 	10.8 	10.9 	10.2 	9.7 	9.6 	8.9 	9.1 	8.7 	8.5 	8.6 	8.8 	8.9 	9.0 	9.1 	9.1 	9.0 	9.1 	8.8 	8.9 	9.0 	7.4 	7.6 	8.9 	8.8 
A,PC_TOT,CP09,NL	: 	: 	: 	: 	: 	10.9 	10.9 	10.9 	11.0 	11.2 	10.9 	11.2 	11.1 	10.9 	10.7 	10.6 	10.9 	11.2 	11.2 	11.2 	11.1 	10.9 	10.7 	10.3 	10.1 	10.0 	10.0 	10.0 	10.0 	9.9 	8.8 	8.8 p	9.6 p	: 
A,PC_TOT,CP09,NO	9.7 	9.9 	10.5 	10.7 	10.9 	11.4 	11.7 	12.0 	12.3 	12.7 	12.7 	12.9 	12.8 	12.9 	13.0 	12.9 	12.9 	12.6 	12.3 	12.1 	11.7 	11.6 	11.2 	11.1 	11.2 	11.2 	11.5 	11.5 	11.9 	11.7 	11.3 	11.1 	11.5 	12.0 
A,PC_TOT,CP09,PL	: 	: 	: 	: 	: 	6.2 	6.8 	6.6 	6.9 	6.7 	6.8 	5.9 	5.7 	6.1 	6.3 	6.1 	5.9 	5.9 	6.0 	6.0 	6.2 	6.2 	6.3 	6.1 	6.2 	6.8 	6.7 	6.7 	6.8 	6.6 	5.8 	6.0 	5.7 	6.1 
A,PC_TOT,CP09,PT	: 	: 	: 	: 	: 	7.6 	7.7 	7.7 	7.7 	7.8 	7.9 	7.6 	7.5 	7.3 	7.1 	7.3 	7.1 	6.8 	6.6 	6.7 	6.4 	6.2 	6.1 	5.8 	5.7 	5.9 	5.5 	5.6 	5.6 	5.7 	5.1 	5.1 	5.0 p	: 
A,PC_TOT,CP09,RO	: 	: 	: 	: 	: 	5.2 	5.1 	4.9 	4.7 	4.9 	5.1 	5.1 	5.0 	5.1 	4.3 	3.9 	4.7 	4.8 	5.1 	4.8 	6.0 	6.0 	6.0 	6.9 	6.6 	6.4 	6.9 	7.3 	6.7 	6.8 	6.0 	6.1 p	6.0 p	: 
A,PC_TOT,CP09,RS	: 	: 	: 	: 	: 	4.5 	5.1 	6.0 	5.9 	5.0 	4.6 	3.9 	4.2 	4.5 	5.1 	5.9 	6.2 	6.6 	6.8 	6.6 	6.4 	6.1 	5.8 	5.9 	5.7 	5.6 	5.6 	5.6 	5.6 	5.7 	5.4 	6.1 	6.6 	6.5 p
A,PC_TOT,CP09,SE	: 	: 	: 	10.8 	10.9 	10.9 	10.9 	11.2 	11.6 	11.9 	12.2 	12.2 	12.2 	12.0 	11.9 	11.5 	11.6 	11.8 	11.7 	11.6 	11.3 	11.2 	11.2 	10.9 	10.8 	10.8 	10.8 	11.0 	11.2 	11.4 	11.3 	11.4 	11.5 	: 
A,PC_TOT,CP09,SI	: 	: 	: 	: 	: 	8.9 	9.3 	9.8 	10.1 	10.2 	10.2 	10.3 	10.5 	10.6 	10.9 	10.9 	10.9 	10.6 	10.1 	9.2 	9.1 	8.7 	8.3 	8.3 	8.5 	8.8 	8.9 	9.1 	9.2 	9.5 	7.8 	8.0 	8.9 	: 
A,PC_TOT,CP09,SK	: 	: 	: 	: 	: 	6.7 	7.3 	7.5 	7.8 	8.2 	8.5 	9.0 	8.7 	8.6 	8.4 	8.8 	8.7 	9.0 	9.5 	9.6 	9.6 	9.6 	9.5 	9.6 	9.8 	10.0 	10.2 	10.3 	10.2 	9.8 	8.1 	8.1 	9.3 	9.0 
A,PC_TOT,CP09,TR	: 	: 	: 	: 	: 	: 	: 	: 	: 	: 	: 	: 	: 	: 	: 	: 	: 	: 	: 	4.9 	4.9 	5.3 	5.2 	5.4 	5.6 	5.6 	5.3 	5.8 	5.9 	6.3 	6.1 	7.0 	6.9 	7.2 
A,PC_TOT,CP09,UK	: 	: 	: 	: 	: 	9.4 	9.5 	9.8 	10.1 	10.6 	10.9 	10.9 	11.2 	11.3 	11.4 	11.2 	11.1 	11.0 	10.9 	10.8 	10.8 	10.6 	10.2 	10.3 	10.3 	10.6 	10.7 	11.0 	11.0 	11.2 	: 	: 	: 	: 
A,PC_TOT,CP10,AL	: 	: 	: 	: 	: 	: 	1.1 	1.2 	1.4 	1.6 	1.7 	1.9 	1.8 	1.8 	1.9 	1.9 	1.9 	1.8 	2.0 	2.0 	2.2 	2.6 	2.7 	2.9 b	2.6 	2.6 	2.3 	2.3 	2.3 	1.6 b	1.8 	1.6 	1.7 	1.7 p
A,PC_TOT,CP10,AT	: 	: 	: 	: 	: 	0.7 	0.7 	0.7 	0.7 	0.7 	0.7 	0.7 	0.8 	0.8 	0.8 	0.8 	0.8 	0.8 	0.8 	0.8 	0.7 	0.8 	0.7 	0.8 	0.8 	0.8 	0.9 	0.9 	1.0 	1.0 	0.9 	1.0 	0.9 	: 
A,PC_TOT,CP10,BA	: 	: 	: 	: 	: 	: 	: 	: 	: 	: 	1.2 	1.1 	1.1 	1.1 	1.1 	1.1 	1.2 	1.3 	1.3 	1.4 	1.4 	1.4 	1.4 	1.4 	1.4 	1.4 	1.4 	1.3 	1.3 	1.3 	1.5 	1.4 	1.4 	1.4 
A,PC_TOT,CP10,BE	: 	: 	: 	: 	: 	0.4 	0.4 	0.4 	0.4 	0.4 	0.4 	0.4 	0.4 	0.5 	0.4 	0.4 	0.4 	0.4 	0.4 	0.4 	0.4 	0.4 	0.4 	0.4 	0.4 	0.4 	0.4 	0.4 	0.4 	0.4 	0.4 	0.4 	0.4 p	: 
A,PC_TOT,CP10,BG	: 	: 	: 	: 	: 	0.7 	0.7 	0.7 	0.8 	0.8 	0.8 	0.9 	1.0 	1.0 	0.9 	0.9 	0.8 	0.8 	0.8 	0.8 	0.8 	0.9 	0.9 	0.9 	1.0 	1.0 	1.1 	1.1 	1.2 	1.1 	1.3 	1.5 	1.3 	: 
A,PC_TOT,CP10,CH	: 	: 	: 	: 	: 	0.6 	0.7 	0.7 	0.7 	0.7 	0.7 	0.7 	0.8 	0.8 	0.8 	0.8 	0.8 	0.8 	0.8 	0.9 	0.9 	0.9 	1.0 	1.0 	1.0 	1.0 	1.0 	1.0 	1.0 	1.1 	1.1 	1.1 	1.0 p	: 
A,PC_TOT,CP10,CY	: 	: 	: 	: 	: 	1.8 	1.8 	2.0 	2.1 	2.1 	2.0 	1.9 	2.0 	2.2 	2.4 	2.4 	2.3 	2.2 	2.2 	2.5 	2.7 	2.7 	2.8 	2.8 	2.9 	2.9 	2.8 	2.8 	3.0 	3.1 	3.8 	3.5 	3.1 p	: 
A,PC_TOT,CP10,CZ	: 	: 	: 	: 	: 	0.5 	0.5 	0.5 	0.4 	0.5 	0.4 	0.5 	0.6 	0.6 	0.6 	0.7 	0.7 	0.8 	0.7 	0.7 	0.7 	0.6 	0.6 	0.6 	0.6 	0.6 	0.5 	0.5 	0.5 	0.5 	0.5 	0.5 	0.6 	: 
A,PC_TOT,CP10,DE	: 	: 	: 	: 	: 	0.5 	0.6 	0.6 	0.6 	0.6 	0.6 	0.6 	0.7 	0.7 	0.7 	0.7 	0.7 	0.8 	0.8 	0.7 	0.8 	0.8 	0.8 	0.8 	0.9 	0.9 	0.9 	0.9 	0.9 	0.9 	0.8 p	0.8 p	0.8 p	: 
A,PC_TOT,CP10,DK	0.6 	0.6 	0.7 	0.8 	0.9 	0.7 	0.8 	0.8 	0.8 	0.8 	0.8 	0.8 	0.8 	0.8 	0.7 	0.7 	0.7 	0.7 	0.7 	0.8 	0.8 	0.7 	0.7 	0.8 	0.7 	0.8 	0.8 	0.8 	0.8 	0.8 	0.9 	0.8 	0.8 	: 
A,PC_TOT,CP10,EA19	: 	: 	: 	: 	: 	0.7 	0.8 	0.8 	0.8 	0.8 	0.8 	0.8 	0.8 	0.8 	0.8 	0.8 	0.8 	0.9 	0.9 	0.9 	0.9 	0.9 	0.9 	0.9 	0.9 	0.9 	0.9 	0.9 	0.9 	0.9 	0.9 	0.9 	0.8 	: 
A,PC_TOT,CP10,EA20	: 	: 	: 	: 	: 	0.8 	0.8 	0.8 	0.8 	0.8 	0.8 	0.8 	0.8 	0.8 	0.8 	0.8 	0.8 	0.9 	0.9 	0.9 	0.9 	0.9 	0.9 	0.9 	0.9 	0.9 	0.9 	0.9 	0.9 	0.9 	0.9 	0.9 	0.8 	: 
A,PC_TOT,CP10,EE	: 	: 	: 	: 	: 	0.7 	0.9 	0.9 	1.0 	1.0 	1.1 	1.1 	1.2 	1.2 	1.2 	1.1 	1.0 	1.0 	0.8 	0.9 	0.8 	0.7 	0.7 	0.7 	0.6 	0.5 	0.5 	0.5 	0.5 	0.5 	0.5 	0.5 	0.5 	: 
A,PC_TOT,CP10,EL	: 	: 	: 	: 	: 	2.0 	1.8 	1.8 	1.7 	1.4 	1.3 	1.5 	1.7 	2.1 	2.2 	2.4 	2.4 	2.4 	2.3 	2.4 	2.4 	2.4 	2.3 	2.1 	2.2 	2.0 	2.0 	2.0 	2.0 	2.1 	2.2 	1.9 	1.9 p	1.9 p
A,PC_TOT,CP10,ES	: 	: 	: 	: 	: 	1.6 	1.7 	1.7 	1.7 	1.6 	1.5 	1.5 	1.5 	1.5 	1.4 	1.4 	1.4 	1.3 	1.3 	1.4 	1.4 	1.4 	1.6 	1.7 	1.7 	1.6 	1.6 	1.6 	1.6 	1.5 	1.8 	1.4 	1.3 	: 
A,PC_TOT,CP10,EU27_2020	: 	: 	: 	: 	: 	0.7 	0.8 	0.8 	0.8 	0.8 	0.8 	0.8 	0.8 	0.8 	0.8 	0.8 	0.9 	0.9 	0.9 	0.9 	0.9 	0.9 	0.9 	0.9 	0.9 	0.9 	0.9 	0.9 	0.9 	0.9 	0.9 	0.9 	0.8 	: 
A,PC_TOT,CP10,FI	0.3 	0.3 	0.3 	0.5 	0.5 	0.5 	0.5 	0.6 	0.6 	0.5 	0.5 	0.5 	0.5 	0.4 	0.5 	0.4 	0.4 	0.4 	0.4 	0.4 	0.4 	0.4 	0.4 	0.4 	0.4 	0.4 	0.4 	0.4 	0.4 	0.4 	0.4 	0.4 	0.3 	0.4 
A,PC_TOT,CP10,FR	0.3 	0.3 	0.3 	0.4 	0.3 	0.4 	0.4 	0.4 	0.4 	0.4 	0.4 	0.4 	0.4 	0.4 	0.4 	0.4 	0.4 	0.4 	0.4 	0.4 	0.4 	0.4 	0.4 	0.4 	0.5 	0.5 	0.5 	0.5 	0.5 	0.5 	0.5 	0.5 p	0.5 p	: 
A,PC_TOT,CP10,HR	: 	: 	: 	: 	: 	1.7 	1.6 	1.3 	1.2 	1.2 	1.1 	1.0 	0.9 	0.9 	0.9 	0.8 	0.8 	0.7 	0.7 	0.8 	0.9 	1.2 	1.2 	1.1 	0.8 	1.0 	1.0 	1.0 	0.9 	0.9 	1.1 	0.9 	0.8 	0.7 p
A,PC_TOT,CP10,HU	: 	: 	: 	: 	: 	2.1 	2.1 	1.9 	1.8 	1.6 	1.6 	1.7 	1.7 	1.9 	1.8 	1.6 	1.7 	1.6 	1.4 	1.4 	1.5 	1.4 	1.5 	1.6 	1.7 	1.7 	1.8 	1.7 	1.8 	1.8 	1.8 	1.7 	1.5 	: 
A,PC_TOT,CP10,IE	: 	: 	: 	: 	: 	2.2 	2.2 	1.0 	1.0 	1.0 	1.0 	1.0 	1.1 	1.2 	1.3 	1.4 	1.3 	1.3 	1.5 	1.8 	1.7 	1.8 	1.8 	1.8 	1.8 	1.7 	1.8 	1.7 	1.6 	1.7 	1.8 	1.7 	1.5 	1.4 
A,PC_TOT,CP10,IS	: 	: 	: 	: 	: 	1.3 	1.2 	1.2 	1.1 	1.1 	1.1 	1.2 	1.3 	1.4 	1.4 	1.3 	1.3 	1.3 	1.2 	1.2 	1.2 	1.2 	1.2 	1.2 	1.2 	1.2 	1.1 	1.1 	1.0 	1.0 	1.1 	1.0 	0.9 	0.8 
A,PC_TOT,CP10,IT	: 	: 	: 	: 	: 	1.0 	1.0 	1.0 	1.0 	1.0 	1.0 	0.9 	0.9 	0.9 	0.9 	0.9 	0.9 	0.9 	0.9 	1.0 	1.0 	1.0 	1.0 	1.0 	1.0 	1.0 	1.0 	1.0 	0.9 	0.9 	0.9 	0.9 	0.8 	0.8 
A,PC_TOT,CP10,LT	: 	: 	: 	: 	: 	0.3 	0.3 	0.5 	0.5 	0.6 	0.6 	0.6 	0.6 	0.7 	0.7 	0.8 	0.8 	0.6 	0.6 	0.7 	0.7 	0.6 	0.6 	0.5 	0.5 	0.5 	0.5 	0.5 	0.5 	0.5 	0.6 	0.6 	0.6 	0.6 
A,PC_TOT,CP10,LU	: 	: 	: 	: 	: 	0.3 	0.3 	0.3 	0.4 	0.4 	0.5 	0.5 	0.6 	0.6 	0.5 	0.5 	0.6 	0.7 	0.8 	0.9 	0.9 	0.9 	0.9 	0.9 	0.9 	0.9 	0.9 	0.9 	0.9 	0.9 	1.0 	1.0 	0.9 	1.0 
A,PC_TOT,CP10,LV	: 	: 	: 	: 	: 	0.3 	0.4 	0.8 	1.2 	1.3 	1.8 	1.9 	1.9 	2.7 	2.2 	2.5 	2.1 	2.0 	1.6 	2.0 	2.0 	2.0 	1.8 	1.8 	1.7 	1.5 	1.7 	1.7 	1.8 	1.7 	1.8 	1.5 	1.5 	: 
A,PC_TOT,CP10,ME	: 	: 	: 	: 	: 	: 	: 	: 	: 	: 	: 	: 	: 	: 	: 	: 	0.5 	0.9 	0.9 	1.0 	1.2 	1.1 	1.2 	1.3 	1.2 	1.3 	1.1 	1.1 	1.0 	1.0 	1.1 	0.9 	0.9 	0.9 
A,PC_TOT,CP10,MK	: 	: 	: 	: 	: 	: 	: 	: 	: 	: 	2.1 	2.2 	2.1 	1.9 	1.8 	1.8 	1.5 	1.5 	1.3 	1.3 	1.4 	1.3 	1.5 	1.5 	1.5 	1.3 	1.3 	1.4 	1.2 	1.1 	1.1 	1.1 	1.0 	1.0 p
A,PC_TOT,CP10,MT	: 	: 	: 	: 	: 	0.8 	0.8 	0.9 	1.0 	1.0 	1.2 	1.3 	1.4 	1.5 	1.4 	1.5 	1.5 	1.4 	1.5 	1.7 	1.8 	1.8 	1.9 	2.0 	2.2 	2.3 	2.4 	2.1 	2.0 	2.1 	2.1 	2.3 	2.5 	2.7 
A,PC_TOT,CP10,NL	: 	: 	: 	: 	: 	0.7 	0.7 	0.7 	0.7 	0.7 	0.7 	0.6 	0.7 	0.7 	0.7 	0.6 	0.6 	0.6 	0.7 	0.7 	0.7 	0.7 	0.7 	0.7 	0.7 	0.7 	0.7 	0.7 	0.7 	0.7 	0.7 	0.6 p	0.6 p	: 
A,PC_TOT,CP10,NO	0.6 	0.5 	0.5 	0.4 	0.4 	0.4 	0.5 	0.5 	0.5 	0.5 	0.5 	0.6 	0.6 	0.4 	0.4 	0.4 	0.4 	0.4 	0.4 	0.4 	0.4 	0.5 	0.5 	0.5 	0.5 	0.4 	0.4 	0.4 	0.4 	0.5 	0.5 	0.5 	0.4 	0.5 
A,PC_TOT,CP10,PL	: 	: 	: 	: 	: 	0.9 	0.9 	0.9 	1.1 	1.2 	1.3 	1.4 	1.4 	1.4 	1.4 	1.3 	1.3 	1.3 	1.2 	1.2 	1.3 	1.2 	1.2 	1.2 	1.0 	1.0 	0.9 	0.8 	0.9 	0.8 	0.8 	0.8 	0.7 	0.7 
A,PC_TOT,CP10,PT	: 	: 	: 	: 	: 	1.4 	1.3 	1.4 	1.3 	1.3 	1.3 	1.4 	1.4 	1.4 	1.4 	1.4 	1.5 	1.4 	1.5 	1.7 	1.7 	1.8 	1.8 	1.7 	1.6 	1.5 	1.5 	1.5 	1.6 	1.6 	1.6 	1.5 	1.5 p	: 
A,PC_TOT,CP10,RO	: 	: 	: 	: 	: 	0.6 	0.7 	0.6 	0.8 	1.2 	0.9 	0.9 	0.9 	0.9 	2.1 	2.1 	1.8 	1.7 	2.0 	1.6 	1.8 	1.3 	0.8 	2.4 	2.5 	2.0 	1.8 	1.2 	1.1 	1.1 	1.2 	1.2 p	1.2 p	: 
A,PC_TOT,CP10,RS	: 	: 	: 	: 	: 	6.2 	4.5 	4.4 	4.0 	3.4 	2.2 	1.8 	1.8 	1.8 	1.6 	1.6 	1.5 	1.4 	1.2 	1.2 	1.3 	1.3 	1.5 	1.4 	1.4 	1.4 	1.4 	1.4 	1.3 	1.2 	1.2 	1.1 	0.9 	0.8 p
A,PC_TOT,CP10,SE	: 	: 	: 	0.0 	0.0 	0.0 	0.0 	0.0 	0.0 	0.0 	0.0 	0.0 	0.0 	0.3 	0.3 	0.3 	0.3 	0.3 	0.3 	0.3 	0.3 	0.3 	0.3 	0.3 	0.3 	0.3 	0.3 	0.3 	0.3 	0.3 	0.3 	0.3 	0.3 	: 
A,PC_TOT,CP10,SI	: 	: 	: 	: 	: 	0.9 	0.8 	0.9 	0.8 	0.8 	0.9 	0.9 	0.9 	0.9 	1.0 	1.1 	1.2 	1.3 	1.2 	1.2 	1.2 	1.2 	1.3 	1.3 	1.3 	1.3 	1.3 	1.2 	1.2 	1.2 	1.2 	1.2 	1.1 	: 
A,PC_TOT,CP10,SK	: 	: 	: 	: 	: 	0.6 	0.6 	0.6 	0.6 	0.5 	0.6 	0.8 	0.8 	1.1 	1.4 	1.6 	1.5 	1.5 	1.4 	1.5 	1.5 	1.6 	1.6 	1.6 	1.7 	1.7 	1.7 	1.6 	1.5 	1.5 	1.4 	1.3 	1.3 	1.4 
A,PC_TOT,CP10,TR	: 	: 	: 	: 	: 	: 	: 	: 	: 	: 	: 	: 	: 	: 	: 	: 	: 	: 	: 	1.4 	1.3 	1.3 	1.5 	1.5 	1.5 	1.6 	1.7 	1.6 	1.5 	1.6 	1.5 	1.5 	1.1 	1.1 
A,PC_TOT,CP10,UK	: 	: 	: 	: 	: 	1.2 	1.2 	1.2 	1.2 	1.2 	1.3 	1.3 	1.3 	1.3 	1.3 	1.3 	1.3 	1.5 	1.5 	1.6 	1.6 	1.6 	1.8 	1.9 	2.0 	2.2 	2.3 	2.3 	2.3 	2.4 	: 	: 	: 	: 
A,PC_TOT,CP11,AL	: 	: 	: 	: 	: 	: 	3.5 	3.6 	3.3 	3.2 	3.4 	3.0 	3.0 	3.1 	3.1 	3.3 	3.0 	3.4 	3.4 	2.9 	3.0 	2.8 	2.9 	2.7 b	2.7 	2.9 	3.2 	3.4 	3.5 	4.5 b	4.1 	4.0 	4.3 	4.2 p
A,PC_TOT,CP11,AT	: 	: 	: 	: 	: 	11.3 	10.9 	10.8 	11.2 	11.1 	11.1 	11.3 	11.4 	11.8 	11.6 	11.3 	11.5 	11.6 	11.7 	11.9 	11.9 	12.1 	12.4 	12.6 	12.8 	12.9 	13.2 	13.4 	13.5 	13.7 	10.3 	9.3 	13.1 	: 
A,PC_TOT,CP11,BA	: 	: 	: 	: 	: 	: 	: 	: 	: 	: 	7.7 	7.4 	7.7 	7.5 	7.1 	6.8 	6.9 	6.9 	6.5 	6.6 	7.0 	7.0 	7.0 	6.9 	6.8 	7.1 	7.2 	7.8 	7.7 	7.9 	6.2 	7.0 	7.9 	8.0 
A,PC_TOT,CP11,BE	: 	: 	: 	: 	: 	5.3 	5.3 	5.4 	5.4 	5.5 	5.5 	5.5 	5.8 	5.9 	5.8 	5.7 	5.6 	5.6 	5.6 	5.5 	5.5 	5.7 	5.7 	5.8 	6.0 	6.1 	6.3 	6.4 	6.5 	6.7 	4.6 	5.3 	6.8 p	: 
A,PC_TOT,CP11,BG	: 	: 	: 	: 	: 	5.3 	5.0 	5.4 	5.4 	5.4 	5.7 	5.8 	5.6 	6.0 	6.1 	7.5 	8.0 	6.1 	5.6 	5.8 	6.0 	6.6 	7.2 	6.9 	7.2 	7.1 	6.6 	6.9 	7.0 	6.9 	4.9 	5.2 	6.8 	: 
A,PC_TOT,CP11,CH	: 	: 	: 	: 	: 	10.3 	10.1 	10.1 	9.9 	9.9 	9.9 	10.3 	9.9 	9.6 	9.7 	9.5 	9.7 	9.6 	9.6 	9.8 	9.5 	9.2 	9.0 	9.0 	8.9 	8.7 	8.6 	8.7 	8.7 	8.8 	6.5 	6.0 	8.5 p	: 
A,PC_TOT,CP11,CY	: 	: 	: 	: 	: 	18.7 	18.4 	18.0 	17.7 	17.4 	17.3 	17.3 	16.4 	16.0 	14.8 	15.1 	15.1 	14.8 	13.6 	13.9 	12.8 	13.4 	13.8 	14.4 	15.1 	15.5 	16.4 	17.1 	17.5 	17.7 	10.0 	14.9 	17.3 p	: 
A,PC_TOT,CP11,CZ	: 	: 	: 	: 	: 	8.4 	8.2 	8.0 	8.2 	8.1 	8.3 	8.0 	7.6 	7.5 	7.6 	7.7 	8.1 	8.3 	7.6 	8.1 	8.1 	8.3 	8.3 	8.3 	8.4 	8.5 	8.7 	9.0 	8.8 	9.0 	5.9 	5.7 	7.4 	: 
A,PC_TOT,CP11,DE	: 	: 	: 	: 	: 	5.8 	5.6 	5.6 	5.6 	5.6 	5.7 	5.4 	5.3 	4.9 	4.9 	4.9 	4.9 	5.0 	5.0 	4.9 	4.9 	5.0 	5.0 	5.0 	5.2 	5.2 	5.3 	5.3 	5.5 	5.5 	3.9 p	3.8 p	5.4 p	: 
A,PC_TOT,CP11,DK	5.7 	5.7 	5.8 	5.8 	5.5 	5.4 	5.3 	5.3 	5.5 	5.5 	5.5 	5.4 	5.4 	5.3 	5.2 	5.3 	5.4 	5.6 	5.6 	5.5 	5.4 	5.5 	5.5 	5.7 	5.7 	5.6 	5.9 	6.0 	6.2 	6.4 	4.9 	5.4 	6.7 	: 
A,PC_TOT,CP11,EA19	: 	: 	: 	: 	: 	7.8 	7.8 	7.9 	8.0 	8.1 	8.3 	8.4 	8.4 	8.3 	8.3 	8.3 	8.4 	8.4 	8.3 	8.2 	8.2 	8.1 	8.1 	8.1 	8.3 	8.4 	8.6 	8.9 	9.0 	9.2 	6.2 	6.9 	9.0 	: 
A,PC_TOT,CP11,EA20	: 	: 	: 	: 	: 	7.8 	7.8 	7.9 	8.0 	8.1 	8.3 	8.4 	8.4 	8.4 	8.4 	8.4 	8.4 	8.4 	8.3 	8.2 	8.2 	8.2 	8.2 	8.1 	8.3 	8.5 	8.6 	8.9 	9.0 	9.2 	6.2 	7.0 	9.0 	: 
A,PC_TOT,CP11,EE	: 	: 	: 	: 	: 	5.7 	5.4 	5.0 	5.6 	6.1 	6.3 	6.3 	6.4 	6.6 	6.7 	7.0 	7.0 	7.0 	6.6 	6.1 	6.4 	7.0 	7.2 	7.4 	7.6 	7.7 	8.0 	8.1 	8.1 	8.2 	5.8 	5.7 	7.1 	: 
A,PC_TOT,CP11,EL	: 	: 	: 	: 	: 	14.4 	14.6 	15.2 	15.0 	14.0 	14.5 	15.8 	14.4 	13.9 	13.8 	14.4 	14.3 	13.9 	13.3 	12.4 	12.8 	12.1 	13.3 	15.2 	15.7 	16.3 	15.6 	16.5 	17.1 	17.7 	9.8 	12.1 	14.5 p	15.7 p
A,PC_TOT,CP11,ES	: 	: 	: 	: 	: 	16.4 	16.5 	16.4 	16.4 	16.5 	16.5 	17.0 	17.2 	17.3 	17.2 	16.8 	16.4 	15.9 	15.3 	14.8 	14.4 	14.3 	14.0 	13.5 	13.5 	13.9 	14.3 	14.9 	14.8 	15.0 	9.5 	12.0 	14.9 	: 
A,PC_TOT,CP11,EU27_2020	: 	: 	: 	: 	: 	7.6 	7.6 	7.6 	7.7 	7.8 	7.9 	8.0 	8.1 	8.0 	8.0 	8.0 	8.0 	8.1 	7.9 	7.9 	7.8 	7.7 	7.7 	7.7 	7.9 	8.1 	8.2 	8.5 	8.6 	8.7 	5.9 	6.7 	8.5 	: 
A,PC_TOT,CP11,FI	7.7 	7.4 	7.2 	6.8 	6.8 	7.0 	7.1 	6.8 	6.5 	6.4 	6.4 	6.4 	6.3 	6.4 	6.6 	6.7 	6.7 	6.7 	6.6 	6.4 	6.3 	6.3 	6.4 	6.3 	6.2 	6.3 	6.4 	6.5 	6.6 	6.7 	5.2 	5.1 	6.3 	6.7 
A,PC_TOT,CP11,FR	6.1 	6.3 	6.3 	6.3 	6.2 	6.2 	6.0 	6.1 	6.3 	6.4 	6.5 	6.5 	6.6 	6.7 	6.6 	6.6 	6.6 	6.6 	6.5 	6.5 	6.5 	6.5 	6.5 	6.5 	6.8 	6.8 	7.0 	7.2 	7.4 	7.7 	5.6 	6.2 p	8.1 p	: 
A,PC_TOT,CP11,HR	: 	: 	: 	: 	: 	5.9 	6.0 	6.8 	7.3 	7.9 	9.9 	11.4 	13.4 	12.8 	12.7 	12.1 	12.8 	12.5 	13.4 	13.4 	13.8 	13.0 	12.8 	12.7 	12.6 	13.5 	14.5 	14.9 	15.3 	15.6 	8.1 	12.7 	16.4 	17.0 p
A,PC_TOT,CP11,HU	: 	: 	: 	: 	: 	5.9 	6.1 	6.1 	5.9 	6.1 	5.8 	5.8 	5.9 	5.7 	6.0 	6.2 	6.1 	6.4 	6.4 	6.6 	6.7 	6.6 	6.8 	7.0 	7.5 	8.0 	8.5 	8.5 	8.8 	9.0 	6.3 	7.2 	9.3 	: 
A,PC_TOT,CP11,IE	: 	: 	: 	: 	: 	14.1 	14.0 	14.6 	14.9 	14.8 	14.2 	14.2 	14.3 	14.1 	13.7 	13.4 	12.9 	12.7 	13.1 	14.4 	15.0 	14.5 	14.4 	15.1 	15.4 	14.5 	15.8 	15.4 	15.5 	15.7 	10.5 	13.1 	15.7 	16.1 
A,PC_TOT,CP11,IS	: 	: 	: 	: 	: 	7.4 	7.4 	7.9 	7.9 	8.1 	8.4 	8.5 	8.1 	8.2 	7.9 	7.8 	7.9 	8.1 	7.7 	7.7 	7.8 	7.9 	8.2 	9.0 	9.7 	10.8 	13.0 	14.1 	14.2 	13.9 	8.6 	10.4 	13.8 	15.0 
A,PC_TOT,CP11,IT	: 	: 	: 	: 	: 	7.8 	8.0 	7.9 	8.0 	8.1 	8.6 	8.9 	8.9 	8.8 	8.9 	8.8 	8.9 	9.1 	9.1 	9.4 	9.4 	9.4 	9.5 	9.7 	9.8 	10.0 	10.1 	10.3 	10.3 	10.4 	6.9 	7.9 	9.2 	9.8 
A,PC_TOT,CP11,LT	: 	: 	: 	: 	: 	2.9 	3.0 	3.5 	3.4 	3.4 	2.8 	2.9 	3.1 	3.0 	2.9 	2.8 	2.7 	2.7 	2.9 	2.8 	2.8 	2.6 	2.8 	2.7 	2.9 	3.3 	3.6 	4.1 	4.2 	4.5 	3.5 	4.0 	4.8 	5.1 
A,PC_TOT,CP11,LU	: 	: 	: 	: 	: 	8.3 	8.3 	8.1 	7.9 	7.9 	7.2 	7.3 	7.4 	7.3 	7.4 	7.2 	7.0 	7.0 	7.0 	7.3 	7.6 	7.4 	7.5 	7.5 	7.5 	7.8 	7.7 	7.9 	7.9 	8.0 	5.8 	5.3 	6.5 	7.1 
A,PC_TOT,CP11,LV	: 	: 	: 	: 	: 	4.5 	4.3 	4.7 	4.0 	5.5 	5.3 	5.4 	5.3 	5.0 	5.1 	7.3 	8.6 	6.3 	5.9 	5.1 	5.4 	5.5 	5.3 	5.6 	5.3 	6.3 	6.6 	6.7 	6.7 	6.5 	4.8 	4.6 	6.4 	: 
A,PC_TOT,CP11,ME	: 	: 	: 	: 	: 	: 	: 	: 	: 	: 	: 	: 	: 	: 	: 	: 	7.2 	10.6 	10.0 	10.8 	13.0 	14.0 	14.5 	14.4 	14.5 	16.0 	15.5 	16.0 	16.2 	17.2 	4.1 	13.0 	14.6 	17.3 
A,PC_TOT,CP11,MK	: 	: 	: 	: 	: 	: 	: 	: 	: 	: 	5.3 	4.4 	4.6 	4.4 	4.2 	5.3 	5.3 	4.9 	3.5 	4.1 	5.0 	5.4 	4.8 	5.7 	6.5 	6.5 	7.1 	7.3 	7.7 	8.1 	5.4 	6.7 	7.1 	8.1 p
A,PC_TOT,CP11,MT	: 	: 	: 	: 	: 	16.9 	16.3 	16.4 	17.1 	17.0 	16.6 	16.5 	16.8 	16.9 	16.0 	15.6 	16.0 	16.1 	14.4 	15.8 	16.5 	17.0 	17.4 	18.5 	19.0 	19.8 	20.3 	22.1 	23.0 	21.7 	10.3 	13.6 	19.7 	21.1 
A,PC_TOT,CP11,NL	: 	: 	: 	: 	: 	7.2 	7.2 	7.3 	7.3 	7.4 	7.4 	7.5 	7.4 	7.1 	7.0 	7.0 	7.2 	7.3 	7.2 	7.2 	7.0 	7.1 	7.2 	7.2 	7.4 	7.8 	8.1 	8.5 	8.7 	8.9 	6.2 	6.5 p	9.2 p	: 
A,PC_TOT,CP11,NO	4.9 	4.9 	5.5 	5.8 	6.0 	6.3 	6.3 	6.6 	6.7 	6.8 	6.5 	6.2 	6.1 	5.9 	5.7 	5.6 	5.9 	5.9 	6.2 	6.0 	5.9 	6.1 	6.2 	6.4 	6.5 	6.7 	6.8 	7.1 	6.8 	7.1 	5.5 	5.8 	7.6 	7.9 
A,PC_TOT,CP11,PL	: 	: 	: 	: 	: 	3.2 	3.1 	2.9 	3.0 	2.8 	2.9 	2.8 	2.8 	2.8 	2.7 	2.6 	2.7 	2.7 	2.6 	2.6 	2.5 	2.5 	2.6 	2.9 	3.0 	3.2 	3.3 	3.6 	3.8 	3.9 	3.0 	3.5 	3.9 	4.2 
A,PC_TOT,CP11,PT	: 	: 	: 	: 	: 	10.6 	10.6 	10.6 	10.8 	10.5 	10.6 	10.8 	10.8 	10.5 	10.7 	10.6 	10.6 	10.6 	10.2 	10.6 	10.6 	10.6 	11.0 	10.9 	11.3 	11.7 	12.2 	12.9 	13.5 	13.9 	9.5 	11.2 	15.1 p	: 
A,PC_TOT,CP11,RO	: 	: 	: 	: 	: 	5.4 	6.0 	5.7 	5.7 	5.2 	4.9 	5.0 	4.9 	5.0 	4.3 	5.2 	5.5 	5.0 	5.2 	5.9 	2.6 	2.0 	2.0 	3.1 	3.1 	3.1 	3.2 	3.0 	4.1 	4.3 	3.6 	3.6 p	3.6 p	: 
A,PC_TOT,CP11,RS	: 	: 	: 	: 	: 	2.9 	3.2 	3.6 	3.6 	4.2 	3.4 	3.4 	3.6 	3.6 	3.5 	3.2 	3.3 	3.3 	3.0 	2.8 	2.9 	2.8 	2.8 	2.9 	2.9 	3.0 	3.1 	3.2 	3.3 	3.5 	2.5 	3.5 	5.7 	6.0 p
A,PC_TOT,CP11,SE	: 	: 	: 	4.6 	4.6 	4.8 	5.0 	5.0 	5.2 	5.2 	5.3 	5.4 	5.3 	5.3 	5.2 	5.3 	5.5 	5.6 	5.8 	5.8 	5.8 	6.0 	5.9 	6.2 	6.4 	6.4 	6.7 	7.0 	6.8 	6.7 	5.8 	5.8 	7.0 	: 
A,PC_TOT,CP11,SI	: 	: 	: 	: 	: 	6.9 	6.8 	6.9 	6.9 	6.5 	6.4 	6.5 	6.4 	6.6 	6.7 	6.5 	6.5 	6.9 	7.1 	6.9 	6.6 	6.4 	6.7 	6.6 	6.9 	6.8 	7.2 	7.4 	7.6 	7.8 	5.7 	6.3 	7.8 	: 
A,PC_TOT,CP11,SK	: 	: 	: 	: 	: 	5.2 	5.7 	5.7 	6.3 	6.7 	7.1 	7.6 	7.3 	6.9 	6.5 	6.8 	7.4 	6.9 	6.3 	5.7 	5.4 	4.9 	5.2 	5.0 	4.9 	5.1 	5.4 	5.8 	6.0 	6.6 	5.8 	5.2 	6.1 	6.4 
A,PC_TOT,CP11,TR	: 	: 	: 	: 	: 	: 	: 	: 	: 	: 	: 	: 	: 	: 	: 	: 	: 	: 	: 	6.4 	6.4 	7.0 	7.3 	7.7 	8.1 	7.9 	7.9 	7.9 	8.6 	9.1 	6.5 	7.7 	8.8 	9.5 
A,PC_TOT,CP11,UK	: 	: 	: 	: 	: 	9.7 	9.9 	9.6 	9.6 	9.6 	9.6 	9.6 	9.7 	9.9 	9.9 	9.8 	9.7 	9.6 	9.4 	9.1 	9.3 	9.5 	9.5 	9.6 	9.7 	9.7 	9.7 	10.0 	9.8 	9.9 	: 	: 	: 	: 
A,PC_TOT,CP12,AL	: 	: 	: 	: 	: 	: 	3.2 	2.7 	2.8 	2.9 	3.4 	3.6 	4.0 	4.3 	4.3 	4.4 	5.0 	5.5 	5.6 	5.1 	4.6 	4.7 	4.3 	4.0 b	4.0 	4.0 	4.0 	4.0 	3.9 	4.4 b	4.8 	4.5 	4.2 	4.0 p
A,PC_TOT,CP12,AT	: 	: 	: 	: 	: 	10.7 	10.4 	10.5 	10.6 	10.3 	10.6 	10.7 	10.3 	10.4 	10.6 	10.7 	10.8 	11.2 	10.7 	10.6 	10.4 	10.2 	9.9 	9.9 	10.2 	10.3 	10.3 	10.0 	9.9 	10.0 	10.4 	10.3 	9.5 	: 
A,PC_TOT,CP12,BA	: 	: 	: 	: 	: 	: 	: 	: 	: 	: 	6.8 	6.8 	6.4 	6.3 	6.4 	6.5 	6.8 	7.1 	7.3 	7.6 	7.7 	7.7 	7.6 	7.7 	7.4 	7.5 	8.6 	8.6 	8.4 	8.3 	8.2 	7.8 	7.6 	8.8 
A,PC_TOT,CP12,BE	: 	: 	: 	: 	: 	14.1 	13.3 	13.2 	13.9 	12.9 	13.9 	14.0 	13.5 	12.5 	12.8 	13.1 	14.0 	14.9 	14.1 	13.4 	13.3 	12.6 	12.1 	12.1 	12.4 	13.0 	12.9 	13.3 	13.3 	13.2 	13.7 	13.9 	14.8 p	: 
A,PC_TOT,CP12,BG	: 	: 	: 	: 	: 	3.4 	3.1 	3.3 	3.3 	3.3 	3.5 	3.0 	4.0 	4.1 	4.3 	4.4 	5.3 	5.9 	5.9 	5.4 	5.1 	4.9 	4.4 	4.9 	5.6 	6.0 	7.0 	6.9 	7.0 	6.6 	6.7 	6.9 	6.3 	: 
A,PC_TOT,CP12,CH	: 	: 	: 	: 	: 	10.3 	11.0 	12.0 	12.6 	12.4 	12.7 	11.7 	10.8 	11.2 	11.0 	10.7 	11.1 	11.6 	11.3 	10.7 	11.0 	11.1 	11.0 	11.0 	10.6 	10.7 	10.6 	11.1 	11.7 	11.1 	11.4 	11.1 	10.8 p	: 
A,PC_TOT,CP12,CY	: 	: 	: 	: 	: 	8.3 	8.3 	8.0 	8.6 	9.4 	9.7 	9.3 	8.8 	8.9 	9.0 	8.9 	8.5 	8.0 	8.6 	8.5 	8.8 	9.0 	8.5 	9.1 	9.5 	9.5 	9.5 	9.1 	9.2 	9.3 	10.6 	9.9 	9.7 p	: 
A,PC_TOT,CP12,CZ	: 	: 	: 	: 	: 	7.7 	8.7 	9.7 	8.6 	8.4 	8.4 	8.4 	8.0 	8.2 	7.8 	8.3 	8.4 	8.7 	8.9 	8.4 	8.6 	8.3 	8.1 	8.3 	8.0 	8.1 	7.8 	7.7 	7.8 	7.9 	7.9 	7.9 	8.0 	: 
A,PC_TOT,CP12,DE	: 	: 	: 	: 	: 	12.1 	11.6 	11.4 	11.3 	11.6 	11.3 	11.4 	11.7 	12.6 	12.4 	12.6 	12.5 	12.8 	12.2 	12.3 	13.0 	12.8 	12.8 	12.8 	13.0 	13.0 	12.9 	12.6 	12.6 	12.5 	12.8 p	13.1 p	12.6 p	: 
A,PC_TOT,CP12,DK	12.0 	12.0 	11.9 	11.9 	12.1 	12.1 	11.6 	11.7 	12.1 	12.1 	12.7 	12.7 	12.5 	12.8 	12.7 	12.9 	12.7 	12.6 	13.0 	13.1 	12.6 	12.4 	12.1 	11.4 	11.7 	11.8 	11.6 	11.6 	11.4 	11.5 	11.8 	12.1 	11.9 	: 
A,PC_TOT,CP12,EA19	: 	: 	: 	: 	: 	11.6 	11.3 	11.2 	11.2 	11.1 	11.4 	11.4 	11.2 	11.3 	11.3 	11.5 	11.7 	12.1 	11.9 	11.2 	11.4 	11.4 	11.2 	11.2 	11.4 	11.5 	11.5 	11.4 	11.5 	11.4 	12.0 	11.9 	11.6 	: 
A,PC_TOT,CP12,EA20	: 	: 	: 	: 	: 	11.6 	11.3 	11.2 	11.2 	11.1 	11.3 	11.3 	11.1 	11.3 	11.3 	11.4 	11.7 	12.1 	11.9 	11.2 	11.4 	11.4 	11.1 	11.2 	11.4 	11.4 	11.4 	11.4 	11.4 	11.4 	12.0 	11.9 	11.5 	: 
A,PC_TOT,CP12,EE	: 	: 	: 	: 	: 	5.2 	6.2 	6.2 	5.6 	6.1 	6.4 	6.9 	7.2 	7.3 	7.4 	8.0 	8.1 	8.1 	8.9 	8.2 	7.6 	7.5 	7.4 	7.3 	7.3 	7.9 	8.0 	8.4 	8.9 	9.1 	9.6 	9.2 	8.0 	: 
A,PC_TOT,CP12,EL	: 	: 	: 	: 	: 	10.7 	11.9 	11.8 	12.2 	12.2 	13.0 	10.9 	9.8 	8.8 	9.3 	8.8 	8.9 	9.3 	9.3 	9.1 	9.6 	9.5 	8.9 	8.0 	8.5 	8.2 	8.5 	8.1 	7.7 	7.5 	8.1 	8.0 	8.0 p	9.1 p
A,PC_TOT,CP12,ES	: 	: 	: 	: 	: 	9.6 	9.3 	9.3 	9.2 	9.0 	9.8 	9.8 	9.5 	9.4 	9.8 	9.8 	10.1 	10.5 	10.4 	9.5 	9.1 	8.9 	9.1 	8.7 	9.1 	9.2 	9.6 	9.6 	9.9 	10.0 	11.0 	10.3 	10.3 	: 
A,PC_TOT,CP12,EU27_2020	: 	: 	: 	: 	: 	11.4 	11.1 	11.0 	10.9 	10.9 	11.2 	11.2 	11.0 	11.2 	11.1 	11.2 	11.5 	11.8 	11.7 	11.1 	11.2 	11.2 	11.0 	11.0 	11.2 	11.3 	11.3 	11.2 	11.3 	11.2 	11.7 	11.6 	11.3 	: 
A,PC_TOT,CP12,FI	9.8 	9.7 	9.5 	9.4 	9.2 	9.7 	8.9 	8.6 	9.1 	9.5 	9.4 	9.5 	9.1 	8.7 	8.9 	9.1 	9.4 	9.8 	9.8 	9.5 	9.1 	9.3 	9.5 	9.6 	10.0 	10.1 	10.2 	10.0 	10.1 	10.1 	10.5 	11.0 	11.1 	12.0 
A,PC_TOT,CP12,FR	13.6 	13.1 	13.3 	13.0 	12.5 	12.1 	12.4 	12.4 	12.2 	11.6 	12.4 	12.6 	12.0 	11.6 	11.8 	11.8 	12.3 	12.9 	13.2 	12.2 	12.2 	12.2 	11.9 	12.1 	12.1 	12.5 	12.4 	12.4 	12.5 	12.3 	12.7 	12.5 p	12.4 p	: 
A,PC_TOT,CP12,HR	: 	: 	: 	: 	: 	5.7 	5.6 	5.1 	5.5 	6.0 	6.2 	6.4 	6.7 	7.2 	7.1 	7.1 	7.1 	7.6 	8.1 	8.5 	8.3 	8.0 	7.9 	7.8 	7.8 	7.7 	7.6 	7.5 	7.4 	7.5 	8.4 	7.8 	7.0 	7.0 p
A,PC_TOT,CP12,HU	: 	: 	: 	: 	: 	9.0 	7.9 	7.5 	8.0 	7.8 	8.2 	8.3 	8.4 	8.4 	8.3 	8.7 	8.6 	8.8 	9.1 	9.5 	9.6 	9.4 	9.4 	9.5 	8.8 	8.6 	8.6 	8.5 	8.4 	8.4 	8.8 	8.8 	9.6 	: 
A,PC_TOT,CP12,IE	: 	: 	: 	: 	: 	8.9 	8.8 	9.2 	10.0 	10.9 	10.2 	11.0 	11.2 	11.8 	12.3 	12.3 	12.4 	12.2 	10.8 	8.8 	8.5 	8.2 	7.2 	8.0 	8.1 	8.2 	8.2 	8.8 	8.7 	8.3 	10.0 	10.4 	9.4 	11.7 
A,PC_TOT,CP12,IS	: 	: 	: 	: 	: 	7.1 	7.0 	6.9 	7.5 	7.7 	8.0 	8.4 	8.4 	8.1 	8.3 	8.8 	9.7 	10.0 	10.7 	10.7 	9.3 	8.6 	8.2 	7.5 	7.3 	7.2 	7.1 	6.9 	7.0 	7.1 	7.8 	7.5 	7.7 	8.4 
A,PC_TOT,CP12,IT	: 	: 	: 	: 	: 	11.0 	10.7 	10.4 	10.2 	10.1 	10.3 	10.4 	10.1 	10.4 	10.1 	10.4 	10.7 	10.9 	11.0 	9.8 	9.9 	10.2 	9.8 	9.9 	10.2 	10.2 	10.2 	10.2 	10.2 	10.3 	11.1 	10.8 	10.7 	11.9 
A,PC_TOT,CP12,LT	: 	: 	: 	: 	: 	3.9 	4.1 	3.7 	5.1 	5.5 	5.3 	6.1 	6.2 	6.6 	6.7 	7.2 	7.9 	8.7 	7.9 	7.4 	8.2 	8.1 	7.7 	7.6 	8.3 	8.5 	8.9 	9.0 	9.4 	9.5 	10.1 	10.3 	10.6 	12.0 
A,PC_TOT,CP12,LU	: 	: 	: 	: 	: 	9.6 	10.0 	10.4 	11.4 	12.4 	13.4 	13.0 	13.4 	13.4 	11.2 	11.4 	12.0 	12.2 	12.9 	12.2 	12.5 	11.7 	12.0 	12.3 	12.5 	13.7 	13.7 	14.3 	14.3 	14.8 	14.5 	15.0 	14.4 	14.8 
A,PC_TOT,CP12,LV	: 	: 	: 	: 	: 	6.8 	5.2 	4.7 	5.8 	5.3 	5.4 	5.2 	5.2 	5.6 	5.2 	5.1 	5.6 	6.2 	6.6 	5.9 	6.1 	6.3 	7.0 	7.7 	7.5 	6.7 	6.8 	7.1 	6.6 	6.4 	6.5 	6.7 	6.6 	: 
A,PC_TOT,CP12,ME	: 	: 	: 	: 	: 	: 	: 	: 	: 	: 	: 	: 	: 	: 	: 	: 	2.2 	2.9 	3.4 	4.0 	4.1 	4.2 	4.2 	4.3 	4.6 	5.2 	5.3 	5.4 	5.4 	5.0 	5.9 	5.8 	5.4 	5.3 
A,PC_TOT,CP12,MK	: 	: 	: 	: 	: 	: 	: 	: 	: 	: 	7.3 	6.4 	7.0 	7.2 	6.1 	5.7 	6.1 	6.5 	6.1 	6.7 	5.7 	5.3 	6.1 	6.1 	6.6 	7.2 	7.3 	7.7 	7.7 	8.2 	8.7 	8.6 	8.0 	7.8 p
A,PC_TOT,CP12,MT	: 	: 	: 	: 	: 	5.9 	5.8 	6.0 	6.4 	6.5 	6.5 	6.8 	7.5 	7.7 	9.0 	10.5 	10.2 	10.7 	10.5 	7.3 	8.0 	8.6 	8.7 	9.3 	8.9 	9.1 	8.6 	8.2 	9.2 	10.5 	12.1 	12.1 	9.7 	13.8 
A,PC_TOT,CP12,NL	: 	: 	: 	: 	: 	15.4 	14.9 	15.3 	15.5 	15.6 	15.9 	14.7 	14.6 	15.0 	14.9 	15.1 	16.0 	16.1 	15.7 	14.1 	14.1 	14.1 	13.1 	13.3 	13.3 	12.9 	13.0 	12.8 	13.0 	12.8 	13.2 	13.1 p	13.4 p	: 
A,PC_TOT,CP12,NO	9.0 	9.2 	9.1 	9.1 	8.9 	8.8 	8.5 	8.2 	8.4 	8.7 	8.7 	8.5 	8.8 	9.2 	9.6 	9.9 	9.9 	10.5 	10.5 	10.6 	10.4 	10.3 	11.0 	11.1 	11.1 	11.0 	10.8 	10.9 	10.5 	10.8 	10.7 	10.3 	10.0 	10.3 
A,PC_TOT,CP12,PL	: 	: 	: 	: 	: 	7.1 	6.5 	7.8 	8.2 	8.8 	9.9 	9.8 	10.6 	10.4 	10.1 	9.9 	10.9 	11.1 	11.6 	10.5 	10.8 	11.1 	11.5 	11.6 	12.3 	12.1 	12.6 	12.3 	13.2 	13.0 	12.2 	11.7 	13.0 	13.1 
A,PC_TOT,CP12,PT	: 	: 	: 	: 	: 	10.3 	10.2 	10.3 	10.1 	10.5 	10.7 	10.6 	10.5 	10.9 	11.0 	11.1 	11.8 	12.8 	13.3 	12.2 	12.0 	11.8 	11.3 	11.3 	10.9 	10.7 	10.6 	10.6 	10.6 	10.4 	10.8 	10.5 	10.4 p	: 
A,PC_TOT,CP12,RO	: 	: 	: 	: 	: 	3.3 	2.8 	2.3 	2.1 	2.3 	2.2 	2.2 	2.2 	2.2 	2.7 	2.5 	2.7 	3.4 	3.7 	3.7 	3.4 	4.1 	3.4 	3.9 	4.5 	3.8 	4.2 	4.7 	4.1 	4.2 	4.2 	4.3 p	4.2 p	: 
A,PC_TOT,CP12,RS	: 	: 	: 	: 	: 	4.4 	4.8 	5.2 	5.4 	4.5 	5.2 	4.9 	4.9 	5.0 	4.8 	5.7 	6.3 	6.5 	6.9 	6.4 	6.7 	6.5 	6.9 	6.6 	7.3 	7.7 	7.5 	7.4 	7.5 	7.6 	7.5 	7.0 	6.8 	7.6 p
A,PC_TOT,CP12,SE	: 	: 	: 	9.1 	9.3 	9.5 	9.4 	9.2 	9.4 	10.0 	10.6 	10.3 	9.8 	9.3 	9.7 	10.1 	10.6 	10.8 	10.8 	10.8 	11.0 	11.2 	11.1 	11.4 	11.5 	11.4 	11.2 	10.9 	10.8 	10.9 	11.4 	11.2 	10.8 	: 
A,PC_TOT,CP12,SI	: 	: 	: 	: 	: 	8.3 	8.8 	8.7 	8.3 	9.1 	8.5 	8.0 	8.7 	9.1 	9.1 	9.2 	9.6 	9.9 	9.8 	9.5 	9.7 	10.2 	9.9 	9.7 	9.7 	10.1 	9.8 	9.9 	10.2 	10.2 	11.1 	10.6 	10.2 	: 
A,PC_TOT,CP12,SK	: 	: 	: 	: 	: 	4.9 	6.2 	6.6 	6.4 	6.1 	6.2 	6.5 	7.0 	7.1 	7.4 	7.8 	8.0 	8.1 	8.1 	8.4 	9.1 	9.3 	9.3 	9.3 	9.1 	9.0 	8.9 	9.1 	9.2 	8.8 	9.1 	8.8 	8.8 	8.0 
A,PC_TOT,CP12,TR	: 	: 	: 	: 	: 	: 	: 	: 	: 	: 	: 	: 	: 	: 	: 	: 	: 	: 	: 	7.1 	6.6 	6.7 	6.8 	7.1 	6.8 	7.1 	7.1 	7.1 	7.3 	7.9 	7.9 	7.8 	7.6 	7.3 
A,PC_TOT,CP12,UK	: 	: 	: 	: 	: 	11.5 	11.5 	12.2 	12.6 	12.5 	12.9 	12.4 	12.1 	12.2 	13.0 	13.6 	13.5 	13.8 	13.7 	12.2 	12.0 	11.8 	11.9 	11.8 	12.6 	12.5 	12.5 	12.4 	12.6 	12.4 	: 	: 	: 	: 
A,PC_TOT,TOTAL,AL	: 	: 	: 	: 	: 	: 	100.0 	100.0 	100.0 	100.0 	100.0 	100.0 	100.0 	100.0 	100.0 	100.0 	100.0 	100.0 	100.0 	100.0 	100.0 	100.0 	100.0 	100.0 b	100.0 	100.0 	100.0 	100.0 	100.0 	100.0 b	100.0 	100.0 	100.0 	100.0 p
A,PC_TOT,TOTAL,AT	: 	: 	: 	: 	: 	100.0 	100.0 	100.0 	100.0 	100.0 	100.0 	100.0 	100.0 	100.0 	100.0 	100.0 	100.0 	100.0 	100.0 	100.0 	100.0 	100.0 	100.0 	100.0 	100.0 	100.0 	100.0 	100.0 	100.0 	100.0 	100.0 	100.0 	100.0 	: 
A,PC_TOT,TOTAL,BA	: 	: 	: 	: 	: 	: 	: 	: 	: 	: 	100.0 	100.0 	100.0 	100.0 	100.0 	100.0 	100.0 	100.0 	100.0 	100.0 	100.0 	100.0 	100.0 	100.0 	100.0 	100.0 	100.0 	100.0 	100.0 	100.0 	100.0 	100.0 	100.0 	100.0 
A,PC_TOT,TOTAL,BE	: 	: 	: 	: 	: 	100.0 	100.0 	100.0 	100.0 	100.0 	100.0 	100.0 	100.0 	100.0 	100.0 	100.0 	100.0 	100.0 	100.0 	100.0 	100.0 	100.0 	100.0 	100.0 	100.0 	100.0 	100.0 	100.0 	100.0 	100.0 	100.0 	100.0 	100.0 p	: 
A,PC_TOT,TOTAL,BG	: 	: 	: 	: 	: 	100.0 	100.0 	100.0 	100.0 	100.0 	100.0 	100.0 	100.0 	100.0 	100.0 	100.0 	100.0 	100.0 	100.0 	100.0 	100.0 	100.0 	100.0 	100.0 	100.0 	100.0 	100.0 	100.0 	100.0 	100.0 	100.0 	100.0 	100.0 	: 
A,PC_TOT,TOTAL,CH	: 	: 	: 	: 	: 	100.0 	100.0 	100.0 	100.0 	100.0 	100.0 	100.0 	100.0 	100.0 	100.0 	100.0 	100.0 	100.0 	100.0 	100.0 	100.0 	100.0 	100.0 	100.0 	100.0 	100.0 	100.0 	100.0 	100.0 	100.0 	100.0 	100.0 	100.0 p	100.0 p
A,PC_TOT,TOTAL,CY	: 	: 	: 	: 	: 	100.0 	100.0 	100.0 	100.0 	100.0 	100.0 	100.0 	100.0 	100.0 	100.0 	100.0 	100.0 	100.0 	100.0 	100.0 	100.0 	100.0 	100.0 	100.0 	100.0 	100.0 	100.0 	100.0 	100.0 	100.0 	100.0 	100.0 	100.0 p	: 
A,PC_TOT,TOTAL,CZ	: 	: 	: 	: 	: 	100.0 	100.0 	100.0 	100.0 	100.0 	100.0 	100.0 	100.0 	100.0 	100.0 	100.0 	100.0 	100.0 	100.0 	100.0 	100.0 	100.0 	100.0 	100.0 	100.0 	100.0 	100.0 	100.0 	100.0 	100.0 	100.0 	100.0 	100.0 	: 
A,PC_TOT,TOTAL,DE	: 	: 	: 	: 	: 	100.0 	100.0 	100.0 	100.0 	100.0 	100.0 	100.0 	100.0 	100.0 	100.0 	100.0 	100.0 	100.0 	100.0 	100.0 	100.0 	100.0 	100.0 	100.0 	100.0 	100.0 	100.0 	100.0 	100.0 	100.0 	100.0 p	100.0 p	100.0 p	: 
A,PC_TOT,TOTAL,DK	100.0 	100.0 	100.0 	100.0 	100.0 	100.0 	100.0 	100.0 	100.0 	100.0 	100.0 	100.0 	100.0 	100.0 	100.0 	100.0 	100.0 	100.0 	100.0 	100.0 	100.0 	100.0 	100.0 	100.0 	100.0 	100.0 	100.0 	100.0 	100.0 	100.0 	100.0 	100.0 	100.0 	: 
A,PC_TOT,TOTAL,EA19	: 	: 	: 	: 	: 	100.0 	100.0 	100.0 	100.0 	100.0 	100.0 	100.0 	100.0 	100.0 	100.0 	100.0 	100.0 	100.0 	100.0 	100.0 	100.0 	100.0 	100.0 	100.0 	100.0 	100.0 	100.0 	100.0 	100.0 	100.0 	100.0 	100.0 	100.0 	: 
A,PC_TOT,TOTAL,EA20	: 	: 	: 	: 	: 	100.0 	100.0 	100.0 	100.0 	100.0 	100.0 	100.0 	100.0 	100.0 	100.0 	100.0 	100.0 	100.0 	100.0 	100.0 	100.0 	100.0 	100.0 	100.0 	100.0 	100.0 	100.0 	100.0 	100.0 	100.0 	100.0 	100.0 	100.0 	: 
A,PC_TOT,TOTAL,EE	: 	: 	: 	: 	: 	100.0 	100.0 	100.0 	100.0 	100.0 	100.0 	100.0 	100.0 	100.0 	100.0 	100.0 	100.0 	100.0 	100.0 	100.0 	100.0 	100.0 	100.0 	100.0 	100.0 	100.0 	100.0 	100.0 	100.0 	100.0 	100.0 	100.0 	100.0 	: 
A,PC_TOT,TOTAL,EL	: 	: 	: 	: 	: 	100.0 	100.0 	100.0 	100.0 	100.0 	100.0 	100.0 	100.0 	100.0 	100.0 	100.0 	100.0 	100.0 	100.0 	100.0 	100.0 	100.0 	100.0 	100.0 	100.0 	100.0 	100.0 	100.0 	100.0 	100.0 	100.0 	100.0 	100.0 p	100.0 p
A,PC_TOT,TOTAL,ES	: 	: 	: 	: 	: 	100.0 	100.0 	100.0 	100.0 	100.0 	100.0 	100.0 	100.0 	100.0 	100.0 	100.0 	100.0 	100.0 	100.0 	100.0 	100.0 	100.0 	100.0 	100.0 	100.0 	100.0 	100.0 	100.0 	100.0 	100.0 	100.0 	100.0 	100.0 	: 
A,PC_TOT,TOTAL,EU27_2020	: 	: 	: 	: 	: 	100.0 	100.0 	100.0 	100.0 	100.0 	100.0 	100.0 	100.0 	100.0 	100.0 	100.0 	100.0 	100.0 	100.0 	100.0 	100.0 	100.0 	100.0 	100.0 	100.0 	100.0 	100.0 	100.0 	100.0 	100.0 	100.0 	100.0 	100.0 	: 
A,PC_TOT,TOTAL,FI	100.0 	100.0 	100.0 	100.0 	100.0 	100.0 	100.0 	100.0 	100.0 	100.0 	100.0 	100.0 	100.0 	100.0 	100.0 	100.0 	100.0 	100.0 	100.0 	100.0 	100.0 	100.0 	100.0 	100.0 	100.0 	100.0 	100.0 	100.0 	100.0 	100.0 	100.0 	100.0 	100.0 	100.0 
A,PC_TOT,TOTAL,FR	100.0 	100.0 	100.0 	100.0 	100.0 	100.0 	100.0 	100.0 	100.0 	100.0 	100.0 	100.0 	100.0 	100.0 	100.0 	100.0 	100.0 	100.0 	100.0 	100.0 	100.0 	100.0 	100.0 	100.0 	100.0 	100.0 	100.0 	100.0 	100.0 	100.0 	100.0 	100.0 p	100.0 p	: 
A,PC_TOT,TOTAL,HR	: 	: 	: 	: 	: 	100.0 	100.0 	100.0 	100.0 	100.0 	100.0 	100.0 	100.0 	100.0 	100.0 	100.0 	100.0 	100.0 	100.0 	100.0 	100.0 	100.0 	100.0 	100.0 	100.0 	100.0 	100.0 	100.0 	100.0 	100.0 	100.0 	100.0 	100.0 	100.0 p
A,PC_TOT,TOTAL,HU	: 	: 	: 	: 	: 	100.0 	100.0 	100.0 	100.0 	100.0 	100.0 	100.0 	100.0 	100.0 	100.0 	100.0 	100.0 	100.0 	100.0 	100.0 	100.0 	100.0 	100.0 	100.0 	100.0 	100.0 	100.0 	100.0 	100.0 	100.0 	100.0 	100.0 	100.0 	: 
A,PC_TOT,TOTAL,IE	: 	: 	: 	: 	: 	100.0 	100.0 	100.0 	100.0 	100.0 	100.0 	100.0 	100.0 	100.0 	100.0 	100.0 	100.0 	100.0 	100.0 	100.0 	100.0 	100.0 	100.0 	100.0 	100.0 	100.0 	100.0 	100.0 	100.0 	100.0 	100.0 	100.0 	100.0 	100.0 
A,PC_TOT,TOTAL,IS	: 	: 	: 	: 	: 	100.0 	100.0 	100.0 	100.0 	100.0 	100.0 	100.0 	100.0 	100.0 	100.0 	100.0 	100.0 	100.0 	100.0 	100.0 	100.0 	100.0 	100.0 	100.0 	100.0 	100.0 	100.0 	100.0 	100.0 	100.0 	100.0 	100.0 	100.0 	100.0 
A,PC_TOT,TOTAL,IT	: 	: 	: 	: 	: 	100.0 	100.0 	100.0 	100.0 	100.0 	100.0 	100.0 	100.0 	100.0 	100.0 	100.0 	100.0 	100.0 	100.0 	100.0 	100.0 	100.0 	100.0 	100.0 	100.0 	100.0 	100.0 	100.0 	100.0 	100.0 	100.0 	100.0 	100.0 	100.0 
A,PC_TOT,TOTAL,LT	: 	: 	: 	: 	: 	100.0 	100.0 	100.0 	100.0 	100.0 	100.0 	100.0 	100.0 	100.0 	100.0 	100.0 	100.0 	100.0 	100.0 	100.0 	100.0 	100.0 	100.0 	100.0 	100.0 	100.0 	100.0 	100.0 	100.0 	100.0 	100.0 	100.0 	100.0 	100.0 
A,PC_TOT,TOTAL,LU	: 	: 	: 	: 	: 	100.0 	100.0 	100.0 	100.0 	100.0 	100.0 	100.0 	100.0 	100.0 	100.0 	100.0 	100.0 	100.0 	100.0 	100.0 	100.0 	100.0 	100.0 	100.0 	100.0 	100.0 	100.0 	100.0 	100.0 	100.0 	100.0 	100.0 	100.0 	100.0 
A,PC_TOT,TOTAL,LV	: 	: 	: 	: 	: 	100.0 	100.0 	100.0 	100.0 	100.0 	100.0 	100.0 	100.0 	100.0 	100.0 	100.0 	100.0 	100.0 	100.0 	100.0 	100.0 	100.0 	100.0 	100.0 	100.0 	100.0 	100.0 	100.0 	100.0 	100.0 	100.0 	100.0 	100.0 	: 
A,PC_TOT,TOTAL,ME	: 	: 	: 	: 	: 	: 	: 	: 	: 	: 	: 	: 	: 	: 	: 	: 	100.0 	100.0 	100.0 	100.0 	100.0 	100.0 	100.0 	100.0 	100.0 	100.0 	100.0 	100.0 	100.0 	100.0 	100.0 	100.0 	100.0 	100.0 
A,PC_TOT,TOTAL,MK	: 	: 	: 	: 	: 	: 	: 	: 	: 	: 	100.0 	100.0 	100.0 	100.0 	100.0 	100.0 	100.0 	100.0 	100.0 	100.0 	100.0 	100.0 	100.0 	100.0 	100.0 	100.0 	100.0 	100.0 	100.0 	100.0 	100.0 	100.0 	100.0 	100.0 p
A,PC_TOT,TOTAL,MT	: 	: 	: 	: 	: 	100.0 	100.0 	100.0 	100.0 	100.0 	100.0 	100.0 	100.0 	100.0 	100.0 	100.0 	100.0 	100.0 	100.0 	100.0 	100.0 	100.0 	100.0 	100.0 	100.0 	100.0 	100.0 	100.0 	100.0 	100.0 	100.0 	100.0 	100.0 	100.0 
A,PC_TOT,TOTAL,NL	: 	: 	: 	: 	: 	100.0 	100.0 	100.0 	100.0 	100.0 	100.0 	100.0 	100.0 	100.0 	100.0 	100.0 	100.0 	100.0 	100.0 	100.0 	100.0 	100.0 	100.0 	100.0 	100.0 	100.0 	100.0 	100.0 	100.0 	100.0 	100.0 	100.0 p	100.0 p	: 
A,PC_TOT,TOTAL,NO	100.0 	100.0 	100.0 	100.0 	100.0 	100.0 	100.0 	100.0 	100.0 	100.0 	100.0 	100.0 	100.0 	100.0 	100.0 	100.0 	100.0 	100.0 	100.0 	100.0 	100.0 	100.0 	100.0 	100.0 	100.0 	100.0 	100.0 	100.0 	100.0 	100.0 	100.0 	100.0 	100.0 	100.0 
A,PC_TOT,TOTAL,PL	: 	: 	: 	: 	: 	100.0 	100.0 	100.0 	100.0 	100.0 	100.0 	100.0 	100.0 	100.0 	100.0 	100.0 	100.0 	100.0 	100.0 	100.0 	100.0 	100.0 	100.0 	100.0 	100.0 	100.0 	100.0 	100.0 	100.0 	100.0 	100.0 	100.0 	100.0 	100.0 
A,PC_TOT,TOTAL,PT	: 	: 	: 	: 	: 	100.0 	100.0 	100.0 	100.0 	100.0 	100.0 	100.0 	100.0 	100.0 	100.0 	100.0 	100.0 	100.0 	100.0 	100.0 	100.0 	100.0 	100.0 	100.0 	100.0 	100.0 	100.0 	100.0 	100.0 	100.0 	100.0 	100.0 	100.0 p	: 
A,PC_TOT,TOTAL,RO	: 	: 	: 	: 	: 	100.0 	100.0 	100.0 	100.0 	100.0 	100.0 	100.0 	100.0 	100.0 	100.0 	100.0 	100.0 	100.0 	100.0 	100.0 	100.0 	100.0 	100.0 	100.0 	100.0 	100.0 	100.0 	100.0 	100.0 	100.0 	100.0 	100.0 p	100.0 p	: 
A,PC_TOT,TOTAL,RS	: 	: 	: 	: 	: 	100.0 	100.0 	100.0 	100.0 	100.0 	100.0 	100.0 	100.0 	100.0 	100.0 	100.0 	100.0 	100.0 	100.0 	100.0 	100.0 	100.0 	100.0 	100.0 	100.0 	100.0 	100.0 	100.0 	100.0 	100.0 	100.0 	100.0 	100.0 	100.0 p
A,PC_TOT,TOTAL,SE	: 	: 	: 	100.0 	100.0 	100.0 	100.0 	100.0 	100.0 	100.0 	100.0 	100.0 	100.0 	100.0 	100.0 	100.0 	100.0 	100.0 	100.0 	100.0 	100.0 	100.0 	100.0 	100.0 	100.0 	100.0 	100.0 	100.0 	100.0 	100.0 	100.0 	100.0 	100.0 	: 
A,PC_TOT,TOTAL,SI	: 	: 	: 	: 	: 	100.0 	100.0 	100.0 	100.0 	100.0 	100.0 	100.0 	100.0 	100.0 	100.0 	100.0 	100.0 	100.0 	100.0 	100.0 	100.0 	100.0 	100.0 	100.0 	100.0 	100.0 	100.0 	100.0 	100.0 	100.0 	100.0 	100.0 	100.0 	: 
A,PC_TOT,TOTAL,SK	: 	: 	: 	: 	: 	100.0 	100.0 	100.0 	100.0 	100.0 	100.0 	100.0 	100.0 	100.0 	100.0 	100.0 	100.0 	100.0 	100.0 	100.0 	100.0 	100.0 	100.0 	100.0 	100.0 	100.0 	100.0 	100.0 	100.0 	100.0 	100.0 	100.0 	100.0 	100.0 
A,PC_TOT,TOTAL,TR	: 	: 	: 	: 	: 	: 	: 	: 	: 	: 	: 	: 	: 	: 	: 	: 	: 	: 	: 	100.0 	100.0 	100.0 	100.0 	100.0 	100.0 	100.0 	100.0 	100.0 	100.0 	100.0 	100.0 	100.0 	100.0 	100.0 
A,PC_TOT,TOTAL,UK	: 	: 	: 	: 	: 	100.0 	100.0 	100.0 	100.0 	100.0 	100.0 	100.0 	100.0 	100.0 	100.0 	100.0 	100.0 	100.0 	100.0 	100.0 	100.0 	100.0 	100.0 	100.0 	100.0 	100.0 	100.0 	100.0 	100.0 	100.0 	: 	: 	: 	: 
